,policy_annual_premium,property_claim,policy_deductable,umbrella_limit,number_of_vehicles_involved,bodily_injuries,witnesses,incident_severity,fraud_reported,incident_type_Parked Car,incident_type_Single Vehicle Collision,incident_type_Vehicle Theft,authorities_contacted_Fire,authorities_contacted_None,authorities_contacted_Other,authorities_contacted_Police,incident_state_NY,incident_state_OH,incident_state_PA,incident_state_SC,incident_state_VA,incident_state_WV
0,1406.91,13020,1000,0,1,1,2,3,1,0,1,0,0,0,0,1,0,0,0,1,0,0
1,1197.22,780,2000,5000000,1,0,0,2,1,0,0,1,0,0,0,1,0,0,0,0,1,0
2,1413.14,3850,2000,5000000,3,2,3,2,0,0,0,0,0,0,0,1,1,0,0,0,0,0
3,1415.74,6340,2000,6000000,1,1,2,3,1,0,1,0,0,0,0,1,0,1,0,0,0,0
4,1583.91,650,1000,6000000,1,0,1,2,0,0,0,1,0,1,0,0,1,0,0,0,0,0
5,1351.1,6410,1000,0,3,0,2,3,1,0,0,0,1,0,0,0,0,0,0,1,0,0
6,1333.35,7150,1000,0,3,0,0,2,0,0,0,0,0,0,0,1,1,0,0,0,0,0
7,1137.03,9380,1000,0,3,2,2,4,0,0,0,0,0,0,0,1,0,0,0,0,1,0
8,1442.99,2770,500,0,1,1,1,4,0,0,1,0,0,0,0,1,0,0,0,0,0,1
9,1315.68,4700,500,0,1,2,1,4,0,0,1,0,0,0,1,0,0,0,0,0,0,0
10,1253.12,15820,500,4000000,1,2,2,4,0,0,1,0,0,0,0,1,1,0,0,0,0,0
11,1137.16,17680,2000,0,3,1,2,3,0,0,0,0,1,0,0,0,0,0,0,1,0,0
12,1215.36,9420,500,3000000,1,1,0,4,0,0,1,0,0,0,0,0,0,0,0,1,0,0
13,936.61,1120,1000,0,1,1,1,2,0,1,0,0,0,1,0,0,0,0,0,1,0,0
14,1301.13,8400,2000,0,1,0,2,4,1,0,1,0,0,0,0,1,0,0,0,1,0,0
15,1131.4,10520,2000,0,4,0,0,3,1,0,0,0,0,0,1,0,0,0,0,0,0,1
16,1199.44,5790,1000,5000000,3,1,2,3,0,0,0,0,0,0,1,0,1,0,0,0,0,0
17,708.64,7080,500,6000000,1,0,2,4,0,0,1,0,0,0,0,1,0,0,0,0,0,1
18,1374.22,13260,500,0,1,1,0,4,0,0,1,0,0,0,1,0,1,0,0,0,0,0
19,1475.73,6040,2000,0,3,2,0,3,0,0,0,0,0,0,0,1,0,0,0,0,1,0
20,1187.96,5240,1000,4000000,3,1,0,2,0,0,0,0,0,0,0,1,1,0,0,0,0,0
21,875.15,4730,2000,0,3,1,2,4,0,0,0,0,0,0,0,1,0,0,0,1,0,0
22,972.18,5960,2000,0,3,0,0,3,1,0,0,0,0,0,0,0,0,0,0,1,0,0
23,1268.79,16360,2000,0,1,2,2,4,1,0,1,0,0,0,0,0,0,0,0,0,0,1
24,883.31,14160,1000,0,1,1,3,2,0,0,1,0,0,0,1,0,0,0,0,0,1,0
25,1266.92,11000,2000,0,3,1,3,3,1,0,0,0,0,0,1,0,0,1,0,0,0,0
26,1322.1,820,2000,0,1,1,3,2,0,1,0,0,0,0,0,1,0,0,1,0,0,0
27,848.07,520,500,3000000,1,2,1,2,1,0,0,1,0,1,0,0,0,0,0,0,1,0
28,1291.7,15520,2000,0,1,1,0,2,0,0,1,0,0,0,1,0,0,0,0,1,0,0
29,1104.5,14100,2000,0,1,2,2,2,0,0,1,0,0,0,0,1,0,0,0,1,0,0
30,954.16,12600,1000,0,4,0,0,3,0,0,0,0,0,0,0,0,0,0,0,1,0,0
31,1337.28,7460,2000,8000000,3,2,2,3,1,0,0,0,0,0,0,1,0,0,0,0,0,1
32,1088.34,3310,1000,0,3,2,3,4,0,0,0,0,0,0,0,1,1,0,0,0,0,0
33,1558.29,14020,1000,0,3,1,2,3,0,0,0,0,0,0,0,0,1,0,0,0,0,0
34,1415.68,5400,500,0,1,0,1,4,0,0,1,0,1,0,0,0,0,0,0,0,0,1
35,1334.15,5310,1000,6000000,1,2,0,3,1,0,1,0,0,0,1,0,0,0,0,0,0,1
36,988.45,6020,1000,0,1,1,1,4,1,0,1,0,0,0,0,1,1,0,0,0,0,0
37,1222.48,820,2000,0,1,1,1,2,0,1,0,0,0,1,0,0,0,0,0,0,0,1
38,1155.55,6230,2000,0,3,2,0,3,0,0,0,0,0,0,0,1,1,0,0,0,0,0
39,1262.08,10940,500,0,1,0,3,3,1,0,1,0,0,0,0,0,0,0,0,0,0,0
40,1451.62,4000,500,0,1,2,2,2,0,0,1,0,0,0,0,0,0,0,0,0,0,1
41,1737.66,16180,500,0,1,1,1,3,1,0,1,0,0,0,0,1,0,0,0,0,0,1
42,1475.93,5740,500,0,3,1,0,2,0,0,0,0,0,0,1,0,0,0,0,1,0,0
43,538.17,5680,500,0,1,2,2,4,0,0,1,0,0,0,1,0,0,0,0,0,0,0
44,1081.08,11280,2000,0,1,0,2,2,0,0,1,0,0,0,1,0,0,0,0,1,0,0
45,1454.43,0,1000,0,3,2,3,4,0,0,0,0,0,0,1,0,1,0,0,0,0,0
46,1240.47,14020,500,0,3,1,1,4,0,0,0,0,1,0,0,0,0,0,0,0,0,0
47,1273.7,6280,2000,4000000,3,2,1,3,1,0,0,0,1,0,0,0,0,0,0,0,0,1
48,1123.87,810,1000,8000000,1,2,0,1,0,0,0,1,0,0,0,1,1,0,0,0,0,0
49,1245.89,7660,1000,0,1,0,0,4,0,0,1,0,0,0,1,0,0,0,0,0,0,1
50,1326.62,8180,2000,7000000,3,0,3,2,0,0,0,0,1,0,0,0,1,0,0,0,0,0
51,1073.83,660,2000,0,1,1,2,1,0,0,0,1,0,1,0,0,1,0,0,0,0,0
52,1530.52,430,1000,0,1,2,1,2,0,0,0,1,0,1,0,0,0,0,0,0,0,1
53,1201.41,12820,500,0,3,1,0,3,0,0,0,0,0,0,0,1,0,0,0,0,0,0
54,1393.57,480,1000,0,1,0,1,2,0,1,0,0,0,0,0,1,0,0,0,0,1,0
55,1276.57,7890,1000,0,1,1,2,2,0,0,1,0,1,0,0,0,1,0,0,0,0,0
56,1082.49,6270,500,0,3,2,3,3,0,0,0,0,1,0,0,0,0,0,0,1,0,0
57,1414.74,300,1000,0,1,1,3,2,0,1,0,0,0,1,0,0,0,0,0,0,1,0
58,1470.06,7310,2000,0,1,0,1,4,0,0,1,0,0,0,0,0,0,0,0,0,0,1
59,870.63,5720,2000,0,3,1,1,2,0,0,0,0,0,0,0,1,0,0,0,0,1,0
60,795.23,0,500,0,3,2,1,3,1,0,0,0,0,0,0,1,1,0,0,0,0,0
61,1168.2,3690,1000,0,3,0,3,4,0,0,0,0,0,0,1,0,0,1,0,0,0,0
62,993.51,11260,1000,0,1,0,3,2,0,0,1,0,0,0,1,0,0,0,0,0,0,1
63,1848.81,5710,500,0,3,2,2,3,1,0,0,0,1,0,0,0,0,0,0,0,0,1
64,1641.73,6570,2000,5000000,3,0,0,4,1,0,0,0,1,0,0,0,0,0,0,0,1,0
65,1362.87,6860,500,0,3,2,2,2,1,0,0,0,0,0,0,0,1,0,0,0,0,0
66,1239.22,13800,500,7000000,1,0,1,2,1,0,1,0,1,0,0,0,0,0,0,1,0,0
67,835.02,3770,500,0,3,1,1,2,0,0,0,0,1,0,0,0,0,0,0,0,0,1
68,1061.33,6230,1000,0,1,0,3,3,0,0,1,0,0,0,0,0,0,0,0,0,0,1
69,1279.08,860,1000,0,1,0,1,2,0,1,0,0,0,1,0,0,0,0,0,0,0,0
70,1105.49,6210,500,0,2,2,3,3,1,0,0,0,0,0,1,0,0,0,0,1,0,0
71,1055.53,6810,2000,0,1,0,2,4,1,0,1,0,0,0,1,0,0,0,0,0,0,1
72,895.83,0,1000,0,1,1,2,2,0,0,1,0,0,0,0,0,0,0,0,0,0,0
73,1632.93,4760,500,0,3,2,0,2,0,0,0,0,1,0,0,0,0,0,0,1,0,0
74,1405.99,4770,1000,0,3,1,0,2,0,0,0,0,0,0,0,0,0,0,0,0,1,0
75,1425.54,5690,1000,0,3,2,0,4,0,0,0,0,0,0,0,0,0,0,0,1,0,0
76,1038.09,7450,1000,0,3,1,1,2,0,0,0,0,1,0,0,0,1,0,0,0,0,0
77,1307.11,10860,500,0,3,0,2,4,0,0,0,0,0,0,0,1,0,0,0,0,0,1
78,1489.24,1240,1000,6000000,1,2,2,2,0,0,0,1,0,1,0,0,0,0,0,1,0,0
79,976.67,7220,500,0,1,1,2,3,1,0,1,0,1,0,0,0,0,0,0,1,0,0
80,1340.43,10160,2000,0,3,1,2,2,0,0,0,0,0,0,0,0,0,0,0,0,0,0
81,1267.81,1320,2000,5000000,1,2,1,1,0,0,0,1,0,1,0,0,0,0,0,0,0,0
82,1234.2,1500,1000,6000000,1,2,2,2,0,0,0,1,0,0,0,1,1,0,0,0,0,0
83,1318.06,1180,2000,0,1,0,3,1,0,0,0,1,0,1,0,0,0,0,0,0,1,0
84,769.95,11080,2000,0,2,2,3,3,1,0,0,0,0,0,0,0,1,0,0,0,0,0
85,1514.72,11660,2000,0,3,0,1,3,0,0,0,0,1,0,0,0,1,0,0,0,0,0
86,873.64,11400,1000,4000000,3,2,1,2,0,0,0,0,0,0,1,0,0,0,0,1,0,0
87,1612.43,11680,500,0,1,2,1,4,0,0,1,0,1,0,0,0,0,0,0,0,1,0
88,1318.24,470,2000,9000000,1,0,1,1,0,1,0,0,0,1,0,0,0,0,0,0,0,1
89,1226.83,5640,1000,0,3,2,0,3,1,0,0,0,0,0,1,0,0,0,0,1,0,0
90,1326.44,10300,2000,5000000,2,1,1,4,0,0,0,0,1,0,0,0,0,0,0,1,0,0
91,1136.83,17880,2000,4000000,1,0,3,3,1,0,1,0,0,0,0,1,1,0,0,0,0,0
92,1322.78,590,2000,0,1,0,1,1,0,1,0,0,0,1,0,0,0,0,0,0,0,1
93,1483.25,11780,1000,0,3,1,1,3,0,0,0,0,0,0,0,0,0,0,0,0,0,0
94,1515.3,8520,500,0,3,1,0,4,0,0,0,0,0,0,0,0,0,0,0,1,0,0
95,1075.18,630,2000,5000000,1,2,0,2,0,0,0,1,0,1,0,0,0,1,0,0,0,0
96,1690.27,6630,1000,0,1,0,3,3,1,0,1,0,1,0,0,0,0,0,0,0,1,0
97,1352.83,7210,2000,0,4,1,2,2,1,0,0,0,0,0,1,0,0,0,0,1,0,0
98,1148.73,900,1000,0,1,1,2,1,0,1,0,0,0,1,0,0,0,0,0,0,0,1
99,969.5,700,1000,0,1,0,0,1,0,0,0,1,0,1,0,0,0,0,0,0,0,0
100,1463.82,15860,500,0,1,0,0,2,0,0,1,0,0,0,0,1,0,0,0,1,0,0
101,1474.17,5280,1000,0,1,1,0,3,0,0,1,0,0,0,0,1,0,0,0,0,0,1
102,1497.35,3600,500,0,3,2,3,2,0,0,0,0,1,0,0,0,0,0,0,0,0,0
103,1427.14,330,1000,0,1,1,1,2,0,1,0,0,0,0,0,1,0,0,0,0,0,1
104,1495.1,7790,500,0,3,0,0,4,0,0,0,0,0,0,0,1,0,0,0,1,0,0
105,1141.62,480,500,0,1,1,3,2,0,0,0,1,0,1,0,0,0,0,0,0,0,1
106,1125.37,19950,1000,0,3,0,2,3,1,0,0,0,0,0,0,1,0,0,0,0,1,0
107,1207.36,14840,2000,0,2,1,0,3,0,0,0,0,0,0,0,0,0,0,0,0,0,1
108,1338.5,10860,2000,0,1,0,0,3,1,0,1,0,1,0,0,0,1,0,0,0,0,0
109,1074.07,11080,1000,0,3,0,3,3,1,0,0,0,1,0,0,0,1,0,0,0,0,0
110,1337.56,14940,500,0,1,1,2,2,0,0,1,0,0,0,0,1,0,0,0,1,0,0
111,1298.91,7000,500,6000000,1,0,0,3,1,0,1,0,1,0,0,0,0,0,0,0,0,0
112,1222.75,14740,500,0,3,2,0,4,0,0,0,0,0,0,1,0,0,0,0,0,0,1
113,1059.52,9620,1000,0,2,1,1,3,0,0,0,0,0,0,1,0,0,0,0,0,1,0
114,1124.38,1180,2000,0,1,1,1,2,0,0,0,1,0,1,0,0,0,0,0,0,1,0
115,1110.37,9540,1000,10000000,3,0,1,4,1,0,0,0,0,0,1,0,1,0,0,0,0,0
116,1374.22,9320,2000,0,1,0,3,2,0,0,1,0,0,0,0,1,0,0,0,1,0,0
117,1103.58,12800,2000,0,3,2,2,3,1,0,0,0,0,0,0,1,1,0,0,0,0,0
118,1269.76,9000,2000,0,1,1,3,2,0,0,1,0,1,0,0,0,1,0,0,0,0,0
119,964.79,6620,500,8000000,3,0,1,2,0,0,0,0,0,0,0,1,1,0,0,0,0,0
120,1167.3,13860,2000,4000000,1,2,0,2,0,0,1,0,1,0,0,0,0,0,0,1,0,0
121,1625.45,12760,500,4000000,1,2,1,3,1,0,1,0,0,0,0,0,1,0,0,0,0,0
122,1394.43,6160,500,0,1,0,1,3,1,0,1,0,0,0,0,0,0,0,0,0,1,0
123,1053.24,17140,2000,0,4,1,0,4,0,0,0,0,0,0,1,0,0,0,0,0,0,0
124,1040.75,7000,500,0,1,1,1,4,0,0,1,0,0,0,0,0,0,0,0,0,0,1
125,1302.4,9900,1000,6000000,3,2,3,4,0,0,0,0,0,0,0,0,1,0,0,0,0,0
126,1588.55,5760,2000,0,1,0,0,4,0,0,1,0,0,0,1,0,0,0,0,0,0,1
127,1399.26,660,500,0,1,2,0,2,0,1,0,0,0,0,0,1,0,0,1,0,0,0
128,1352.31,10640,2000,0,1,0,3,3,1,0,1,0,1,0,0,0,1,0,0,0,0,0
129,1139.0,4970,1000,6000000,3,1,2,3,1,0,0,0,1,0,0,0,0,0,0,1,0,0
130,1397.67,14120,1000,0,3,1,2,2,0,0,0,0,0,0,1,0,1,0,0,0,0,0
131,823.17,12300,500,0,3,2,2,3,0,0,0,0,0,0,1,0,0,0,0,0,0,1
132,965.13,8500,500,0,3,0,1,3,0,0,0,0,0,0,0,0,0,0,0,0,0,0
133,1922.84,9360,1000,0,1,2,1,4,0,0,1,0,0,0,0,1,0,0,0,0,0,1
134,1624.82,8680,2000,0,1,1,1,2,0,0,1,0,0,0,0,0,0,0,0,0,0,1
135,1277.25,6920,2000,0,1,1,2,3,1,0,1,0,0,0,0,1,1,0,0,0,0,0
136,1439.34,410,1000,0,1,0,0,2,0,0,0,1,0,0,0,1,0,0,0,0,1,0
137,1281.27,6550,1000,0,3,0,3,2,0,0,0,0,1,0,0,0,0,0,0,1,0,0
138,1348.83,6920,500,0,3,1,2,2,0,0,0,0,1,0,0,0,0,0,0,0,0,0
139,1198.15,12260,1000,0,3,0,2,4,0,0,0,0,0,0,1,0,0,0,0,0,1,0
140,1221.22,4730,2000,0,1,0,1,4,0,0,1,0,0,0,0,1,1,0,0,0,0,0
141,968.74,940,2000,0,1,2,3,1,0,0,0,1,0,1,0,0,0,0,0,1,0,0
142,1220.71,1260,1000,0,1,2,1,2,0,1,0,0,0,1,0,0,0,0,0,1,0,0
143,1238.62,14160,2000,6000000,1,2,3,3,1,0,1,0,0,0,0,0,0,0,0,1,0,0
144,1320.75,5070,2000,0,3,0,3,4,0,0,0,0,0,0,0,1,0,0,0,0,0,1
145,990.98,15280,500,0,1,2,1,3,1,0,1,0,0,0,0,1,0,0,0,0,0,0
146,1398.51,6400,500,4000000,3,2,0,3,1,0,0,0,1,0,0,0,0,0,0,0,0,0
147,1355.08,4730,500,0,1,1,1,2,0,0,1,0,1,0,0,0,0,0,0,0,0,1
148,1384.51,8960,1000,0,1,2,3,3,1,0,1,0,0,0,1,0,0,0,0,1,0,0
149,847.03,17280,500,0,1,1,0,3,1,0,1,0,0,0,1,0,0,0,0,1,0,0
150,1000.06,15040,1000,0,1,1,0,4,0,0,1,0,0,0,1,0,1,0,0,0,0,0
151,1046.71,5340,1000,0,3,2,1,3,0,0,0,0,1,0,0,0,0,0,0,0,0,0
152,1158.03,9780,500,0,3,1,3,4,1,0,0,0,0,0,0,1,1,0,0,0,0,0
153,1372.27,10540,1000,0,3,2,3,4,0,0,0,0,1,0,0,0,0,0,0,0,0,1
154,1053.04,9040,1000,7000000,3,1,3,2,1,0,0,0,0,0,0,0,0,0,0,0,0,0
155,1275.39,0,1000,0,1,2,3,3,1,0,1,0,0,0,0,1,1,0,0,0,0,0
156,1402.75,14420,2000,0,3,2,1,2,0,0,0,0,0,0,0,1,1,0,0,0,0,0
157,1344.36,650,500,7000000,1,2,3,2,0,1,0,0,0,1,0,0,0,0,0,0,0,1
158,1197.71,13040,1000,0,3,2,0,4,0,0,0,0,0,0,0,0,0,0,0,0,0,1
159,1203.24,620,500,0,1,2,0,2,0,0,0,1,0,0,0,1,1,0,0,0,0,0
160,1152.4,1680,1000,0,1,2,3,2,0,1,0,0,0,0,0,1,0,0,0,0,1,0
161,1142.62,11700,2000,7000000,1,2,0,4,0,0,1,0,0,0,0,0,0,0,0,1,0,0
162,1332.07,13240,1000,0,2,2,1,4,0,0,0,0,0,0,0,0,1,0,0,0,0,0
163,1166.54,21580,1000,0,1,2,0,3,1,0,1,0,1,0,0,0,0,0,0,1,0,0
164,1495.06,18180,500,0,3,2,0,4,0,0,0,0,1,0,0,0,0,0,1,0,0,0
165,1337.92,5580,1000,0,3,2,2,2,0,0,0,0,0,0,0,0,0,0,0,0,0,1
166,1587.96,12960,2000,0,1,2,1,3,1,0,1,0,1,0,0,0,0,0,0,0,0,1
167,1362.29,6400,1000,0,3,0,0,2,0,0,0,0,0,0,0,0,1,0,0,0,0,0
168,1448.84,660,500,0,1,0,1,1,0,1,0,0,0,0,0,1,0,0,0,1,0,0
169,1241.97,670,2000,0,1,1,0,2,0,1,0,0,0,1,0,0,1,0,0,0,0,0
170,1124.6,7960,500,0,3,0,0,2,0,0,0,0,0,0,0,1,1,0,0,0,0,0
171,1079.92,6700,2000,0,1,0,1,4,1,0,1,0,0,0,0,0,0,0,1,0,0,0
172,1447.78,4990,1000,0,3,1,0,4,0,0,0,0,0,0,1,0,0,0,0,1,0,0
173,1229.16,7400,500,4000000,3,0,2,3,0,0,0,0,1,0,0,0,0,0,1,0,0,0
174,1226.49,1220,1000,0,1,0,1,1,0,0,0,1,0,1,0,0,0,0,0,0,0,1
175,897.89,15920,2000,6000000,1,1,0,2,0,0,1,0,0,0,1,0,0,0,1,0,0,0
176,1706.79,8560,500,0,1,1,1,2,0,0,1,0,0,0,0,0,0,1,0,0,0,0
177,1254.18,11380,1000,0,1,0,1,2,0,0,1,0,1,0,0,0,0,0,0,1,0,0
178,885.08,13100,500,0,1,0,1,4,0,0,1,0,0,0,1,0,0,0,0,0,0,1
179,1046.58,900,500,4000000,1,2,1,1,0,0,0,1,0,1,0,0,1,0,0,0,0,0
180,1712.68,5110,2000,0,3,2,0,3,0,0,0,0,1,0,0,0,0,0,0,0,1,0
181,1097.71,16800,2000,0,1,2,3,2,0,0,1,0,0,0,0,1,0,0,0,1,0,0
182,1363.77,16540,500,4000000,1,2,3,4,0,0,1,0,0,0,0,1,0,0,0,0,1,0
183,1382.88,7440,500,7000000,1,1,1,2,1,0,1,0,0,0,0,1,0,0,0,1,0,0
184,1141.35,5490,1000,7000000,1,0,2,3,0,0,1,0,0,0,0,0,1,0,0,0,0,0
185,1054.83,16120,500,7000000,1,2,3,4,1,0,1,0,1,0,0,0,1,0,0,0,0,0
186,1057.77,2250,2000,0,3,1,1,4,0,0,0,0,0,0,0,0,0,0,0,0,0,0
187,1488.02,550,2000,0,1,1,3,2,0,0,0,1,0,0,0,1,1,0,0,0,0,0
188,920.3,6720,500,5000000,3,1,0,3,1,0,0,0,0,0,1,0,0,0,0,0,0,1
189,986.53,18520,1000,0,1,0,2,4,0,0,1,0,0,0,0,0,0,0,0,0,1,0
190,1440.68,980,2000,0,1,0,1,2,0,1,0,0,0,1,0,0,0,0,0,1,0,0
191,1086.21,5610,1000,0,1,1,2,2,0,0,1,0,0,0,0,1,0,0,0,1,0,0
192,1367.68,11100,2000,0,1,0,3,4,0,0,1,0,0,0,0,1,0,0,0,1,0,0
193,1215.85,640,1000,0,1,1,1,2,0,0,0,1,0,0,0,1,0,0,0,0,1,0
194,1191.19,0,2000,4000000,3,0,1,4,0,0,0,0,0,0,1,0,0,0,0,0,1,0
195,1594.45,6960,1000,0,2,2,3,4,0,0,0,0,1,0,0,0,0,0,0,0,0,0
196,1463.07,530,2000,0,1,1,1,1,1,0,0,1,0,0,0,1,0,0,0,0,0,1
197,1734.09,650,500,0,1,0,3,1,0,1,0,0,0,1,0,0,0,0,0,0,0,1
198,1411.43,11880,500,0,1,2,1,3,0,0,1,0,0,0,0,0,1,0,0,0,0,0
199,1512.58,280,2000,0,1,1,1,2,0,0,0,1,0,0,0,1,0,0,0,1,0,0
200,1153.35,960,2000,0,1,2,1,1,0,0,0,1,0,0,0,1,1,0,0,0,0,0
201,1722.95,7670,500,0,1,2,0,2,0,0,1,0,1,0,0,0,0,0,0,0,0,1
202,1281.07,740,2000,7000000,1,0,2,1,0,1,0,0,0,0,0,1,1,0,0,0,0,0
203,1011.92,7150,500,0,3,0,3,3,0,0,0,0,1,0,0,0,0,0,0,1,0,0
204,1042.26,2120,2000,0,3,1,2,4,0,0,0,0,0,0,0,0,0,0,0,0,0,1
205,1235.1,5440,500,0,1,2,1,2,0,0,1,0,0,0,0,1,0,0,0,1,0,0
206,768.91,5980,2000,0,1,1,0,4,1,0,1,0,1,0,0,0,0,0,0,1,0,0
207,1301.72,7200,500,0,3,0,3,3,0,0,0,0,0,0,0,1,0,0,0,0,1,0
208,1451.54,14460,500,3000000,4,2,3,4,0,0,0,0,0,0,0,1,0,0,0,1,0,0
209,767.14,880,500,0,1,0,1,1,0,1,0,0,0,0,0,1,0,0,0,0,0,1
210,1620.89,1020,2000,0,1,2,0,2,0,0,0,1,0,0,0,1,0,0,0,0,0,0
211,1048.46,590,2000,0,1,1,2,1,0,0,0,1,0,1,0,0,0,1,0,0,0,0
212,1538.26,4290,1000,6000000,3,2,3,2,0,0,0,0,0,0,0,0,1,0,0,0,0,0
213,1217.69,9720,2000,0,3,1,0,3,1,0,0,0,0,0,1,0,0,0,0,1,0,0
214,1362.64,13560,2000,5000000,1,1,3,4,1,0,1,0,0,0,1,0,0,0,0,0,0,0
215,1279.13,14740,1000,0,3,1,2,2,1,0,0,0,0,0,0,0,0,0,0,0,0,0
216,924.72,10520,2000,0,1,2,2,2,0,0,1,0,1,0,0,0,1,0,0,0,0,0
217,1019.44,720,1000,0,1,2,1,1,0,0,0,1,0,1,0,0,0,0,0,0,0,0
218,1314.6,6390,500,0,1,2,3,4,1,0,1,0,0,0,1,0,0,0,0,0,0,1
219,1515.18,9260,1000,6000000,3,1,0,2,0,0,0,0,1,0,0,0,0,0,0,1,0,0
220,1649.18,5580,2000,0,1,1,2,3,1,0,1,0,0,0,1,0,1,0,0,0,0,0
221,1451.01,5620,500,0,1,2,2,2,0,0,1,0,0,0,0,0,1,0,0,0,0,0
222,978.46,8920,1000,0,1,0,0,4,0,0,1,0,1,0,0,0,1,0,0,0,0,0
223,1198.34,6340,500,4000000,3,1,1,4,0,0,0,0,1,0,0,0,1,0,0,0,0,0
224,1003.23,12980,2000,0,3,0,3,3,0,0,0,0,1,0,0,0,0,0,0,0,1,0
225,1212.0,14700,2000,0,1,0,1,4,0,0,1,0,0,0,0,0,1,0,0,0,0,0
226,1242.96,13680,1000,7000000,2,2,0,2,0,0,0,0,0,0,1,0,1,0,0,0,0,0
227,1053.02,4330,1000,0,1,0,2,3,1,0,1,0,0,0,1,0,1,0,0,0,0,0
228,1693.63,6560,500,0,3,1,3,4,0,0,0,0,1,0,0,0,0,0,0,0,0,1
229,2047.59,7230,1000,0,1,0,3,2,0,0,1,0,0,0,1,0,0,0,0,1,0,0
230,1083.72,4880,1000,0,1,0,2,4,0,0,1,0,0,0,1,0,1,0,0,0,0,0
231,1138.42,6100,1000,6000000,1,2,3,2,0,0,1,0,0,0,0,1,0,0,0,1,0,0
232,1072.62,6910,500,0,4,2,1,4,0,0,0,0,0,0,1,0,0,0,0,0,0,1
233,1219.04,14500,2000,0,3,2,0,3,0,0,0,0,0,0,0,1,0,1,0,0,0,0
234,1371.78,10720,2000,0,3,0,2,3,1,0,0,0,0,0,1,0,0,0,1,0,0,0
235,1506.21,6380,2000,0,3,1,0,2,0,0,0,0,1,0,0,0,1,0,0,0,0,0
236,1058.21,4570,1000,3000000,1,1,1,4,0,0,1,0,1,0,0,0,1,0,0,0,0,0
237,932.14,7150,2000,0,3,2,3,4,1,0,0,0,1,0,0,0,0,0,0,1,0,0
238,1608.34,12920,2000,0,1,1,1,3,0,0,1,0,0,0,1,0,1,0,0,0,0,0
239,1728.56,3530,1000,0,1,1,1,2,0,0,1,0,1,0,0,0,0,0,0,0,0,1
240,1518.46,5350,1000,0,1,0,0,3,0,0,1,0,1,0,0,0,0,0,0,1,0,0
241,1540.19,7370,2000,0,1,2,0,3,1,0,1,0,0,0,1,0,0,0,0,0,1,0
242,965.21,630,2000,0,1,2,1,1,0,1,0,0,0,1,0,0,0,0,0,1,0,0
243,1278.75,10900,2000,0,3,2,2,4,0,0,0,0,0,0,0,0,1,0,0,0,0,0
244,773.99,320,1000,0,1,1,2,1,0,0,0,1,0,1,0,0,0,0,1,0,0,0
245,1532.47,15080,1000,0,1,0,3,3,1,0,1,0,1,0,0,0,1,0,0,0,0,0
246,1340.56,6460,1000,0,1,0,2,2,0,0,1,0,1,0,0,0,1,0,0,0,0,0
247,1297.75,15180,500,4000000,3,0,1,4,1,0,0,0,0,0,0,0,0,0,0,1,0,0
248,433.33,590,1000,0,1,0,3,2,0,1,0,0,0,1,0,0,0,0,0,1,0,0
249,1025.54,6410,2000,0,1,1,3,3,0,0,1,0,1,0,0,0,0,0,0,0,0,0
250,1264.77,10080,500,0,2,0,1,4,1,0,0,0,1,0,0,0,0,0,0,1,0,0
251,1459.97,14700,500,5000000,3,1,2,3,1,0,0,0,0,0,0,1,0,0,0,1,0,0
252,1238.65,680,500,0,1,1,1,1,0,0,0,1,0,0,0,1,0,0,0,0,0,1
253,1050.76,5960,500,0,1,2,3,3,1,0,1,0,1,0,0,0,0,1,0,0,0,0
254,1711.72,11500,1000,0,3,2,2,3,1,0,0,0,1,0,0,0,0,0,0,1,0,0
255,865.33,9840,500,7000000,3,0,1,3,0,0,0,0,0,0,0,0,1,0,0,0,0,0
256,1153.49,5050,500,0,3,1,0,4,0,0,0,0,0,0,1,0,0,0,0,1,0,0
257,1281.25,12820,2000,0,1,0,1,3,1,0,1,0,0,0,0,1,0,0,0,1,0,0
258,1342.8,660,500,0,1,1,3,1,0,0,0,1,0,0,0,1,1,0,0,0,0,0
259,1443.32,5310,2000,0,3,0,2,3,1,0,0,0,1,0,0,0,0,0,0,1,0,0
260,1629.94,350,1000,0,1,0,1,1,0,1,0,0,0,1,0,0,0,0,0,1,0,0
261,1134.08,5900,2000,0,1,2,0,3,1,0,1,0,0,0,0,1,0,0,0,0,0,0
262,1483.91,14120,500,8000000,3,0,1,3,1,0,0,0,0,0,0,0,1,0,0,0,0,0
263,1304.67,11180,2000,7000000,3,1,1,2,0,0,0,0,0,0,0,1,0,0,0,1,0,0
264,1035.79,10480,2000,0,1,1,0,2,0,0,1,0,0,0,0,1,0,0,0,1,0,0
265,1401.2,1060,500,0,1,1,0,1,0,0,0,1,0,0,0,1,0,0,0,0,0,0
266,1665.45,5920,1000,0,3,2,2,3,1,0,0,0,1,0,0,0,0,0,1,0,0,0
267,653.66,7830,2000,0,3,0,0,2,0,0,0,0,1,0,0,0,0,0,0,1,0,0
268,1080.13,4610,500,0,3,0,3,3,0,0,0,0,0,0,0,0,0,0,1,0,0,0
269,1346.18,6270,2000,0,3,2,3,4,0,0,0,0,1,0,0,0,0,0,0,1,0,0
270,1589.54,8530,2000,0,3,2,0,2,0,0,0,0,0,0,0,1,0,0,0,0,1,0
271,1251.65,280,1000,0,1,0,0,2,0,1,0,0,0,1,0,0,1,0,0,0,0,0
272,1083.01,11040,2000,0,4,2,0,3,1,0,0,0,0,0,0,1,0,0,0,0,0,1
273,974.59,11940,500,0,3,1,0,2,0,0,0,0,0,0,0,0,1,0,0,0,0,0
274,1399.85,10820,2000,0,3,0,2,2,0,0,0,0,1,0,0,0,1,0,0,0,0,0
275,1307.74,4170,500,0,3,0,1,3,0,0,0,0,0,0,0,0,0,0,0,1,0,0
276,1219.27,7120,2000,0,3,1,2,4,0,0,0,0,0,0,0,0,0,0,0,0,0,1
277,1411.3,5490,500,0,1,1,0,2,1,0,1,0,0,0,1,0,0,0,1,0,0,0
278,694.45,11700,2000,0,3,0,1,3,1,0,0,0,0,0,0,1,0,0,0,0,0,1
279,1006.77,7090,500,6000000,3,2,1,2,0,0,0,0,0,0,0,1,0,0,0,1,0,0
280,1422.36,7760,1000,0,3,1,3,2,0,0,0,0,1,0,0,0,0,0,1,0,0,0
281,1348.32,860,1000,0,1,2,1,1,1,0,0,1,0,0,0,1,1,0,0,0,0,0
282,1315.56,1240,2000,0,1,0,0,2,0,0,0,1,0,0,0,1,0,0,0,1,0,0
283,1407.01,5990,2000,5000000,1,0,2,3,1,0,1,0,0,0,0,1,0,0,0,0,0,1
284,1388.58,13260,2000,0,3,1,3,3,0,0,0,0,0,0,0,1,0,0,0,0,0,1
285,1310.76,6390,500,0,1,0,1,4,0,0,1,0,0,0,1,0,0,0,0,0,1,0
286,1004.63,11620,1000,6000000,3,2,0,4,0,0,0,0,0,0,0,0,0,0,0,1,0,0
287,1134.91,640,500,0,1,1,0,1,0,0,0,1,0,1,0,0,0,0,0,1,0,0
288,1194.0,7420,1000,0,1,1,2,3,1,0,1,0,0,0,0,0,0,0,0,1,0,0
289,1248.25,1460,1000,4000000,1,0,2,2,0,1,0,0,0,0,0,1,0,0,0,0,1,0
290,1338.54,17120,500,-1000000,1,0,1,3,0,0,1,0,0,0,0,0,0,0,0,0,0,0
291,782.23,11460,2000,0,3,0,2,4,0,0,0,0,0,0,0,0,0,1,0,0,0,0
292,1366.9,10540,2000,0,3,1,0,3,1,0,0,0,1,0,0,0,0,0,0,0,0,0
293,1275.81,15540,1000,0,1,2,2,2,0,0,1,0,1,0,0,0,1,0,0,0,0,0
294,1090.65,5340,500,0,4,1,2,2,1,0,0,0,0,0,0,1,0,0,0,0,0,0
295,1326.0,12020,500,0,1,1,2,4,0,0,1,0,1,0,0,0,0,0,0,1,0,0
296,972.47,15420,2000,0,3,2,2,2,0,0,0,0,0,0,0,1,0,0,1,0,0,0
297,806.31,0,500,0,1,2,3,1,0,1,0,0,0,0,0,1,0,0,0,1,0,0
298,1416.24,540,500,0,1,1,0,2,0,1,0,0,0,1,0,0,0,0,0,0,0,1
299,1097.64,21240,2000,0,2,1,0,3,0,0,0,0,0,0,1,0,0,0,1,0,0,0
300,947.75,640,500,0,1,1,3,1,0,0,0,1,0,0,0,1,0,0,0,1,0,0
301,1018.73,21630,2000,5000000,3,1,2,4,0,0,0,0,0,0,0,1,1,0,0,0,0,0
302,1400.74,17460,2000,0,3,0,2,3,0,0,0,0,0,0,0,1,0,0,0,0,0,0
303,1155.53,630,500,5000000,1,0,2,1,0,1,0,0,0,0,0,1,1,0,0,0,0,0
304,1386.93,6580,500,0,3,0,0,2,0,0,0,0,0,0,1,0,1,0,0,0,0,0
305,915.29,4080,500,0,1,2,1,3,1,0,1,0,0,0,1,0,1,0,0,0,0,0
306,1239.55,9600,500,2000000,1,1,1,3,1,0,1,0,1,0,0,0,0,0,0,1,0,0
307,1366.42,5910,500,0,3,1,2,4,1,0,0,0,1,0,0,0,0,0,0,1,0,0
308,1086.48,7040,1000,6000000,3,1,1,4,0,0,0,0,0,0,1,0,1,0,0,0,0,0
309,1247.87,4570,2000,0,3,2,2,4,0,0,0,0,1,0,0,0,1,0,0,0,0,0
310,1312.75,14680,2000,0,3,2,2,3,1,0,0,0,0,0,1,0,0,0,0,1,0,0
311,765.64,5700,2000,0,3,0,3,3,1,0,0,0,0,0,0,0,0,0,0,1,0,0
312,1327.41,7000,2000,0,1,0,0,4,0,0,1,0,0,0,1,0,0,0,0,1,0,0
313,1338.55,6800,1000,0,3,2,2,4,0,0,0,0,0,0,0,1,0,0,0,0,0,1
314,1316.63,13000,2000,8000000,3,2,0,2,0,0,0,0,0,0,1,0,0,0,0,1,0,0
315,1286.44,15100,1000,0,1,2,1,2,0,0,1,0,0,0,0,1,0,0,0,0,0,1
316,1372.18,15100,1000,0,3,1,3,4,0,0,0,0,0,0,1,0,0,0,0,0,0,1
317,1447.77,10720,2000,0,3,1,1,4,0,0,0,0,0,0,0,0,0,0,0,0,1,0
318,903.32,3170,500,0,3,1,0,2,0,0,0,0,0,0,0,1,1,0,0,0,0,0
319,1454.42,12380,1000,0,1,0,1,3,1,0,1,0,0,0,1,0,1,0,0,0,0,0
320,1603.42,6710,2000,0,1,0,2,4,0,0,1,0,1,0,0,0,1,0,0,0,0,0
321,1616.58,12720,2000,0,3,0,3,3,0,0,0,0,0,0,1,0,0,0,0,1,0,0
322,1611.83,3280,500,0,1,1,2,4,0,0,1,0,0,0,0,1,0,0,0,0,0,1
323,889.13,4910,500,0,3,0,2,4,0,0,0,0,0,0,0,1,0,0,1,0,0,0
324,1252.08,5040,1000,0,2,2,2,3,1,0,0,0,0,0,1,0,0,0,0,0,1,0
325,995.56,8840,2000,0,3,1,1,4,0,0,0,0,0,0,0,1,1,0,0,0,0,0
326,1347.92,6050,2000,0,3,0,2,4,0,0,0,0,1,0,0,0,1,0,0,0,0,0
327,1724.09,11960,1000,0,3,0,0,2,0,0,0,0,0,0,0,1,1,0,0,0,0,0
328,1379.93,4710,500,0,3,0,2,3,1,0,0,0,0,0,1,0,1,0,0,0,0,0
329,1554.64,10120,1000,4000000,1,1,0,3,1,0,1,0,0,0,1,0,0,0,0,0,0,1
330,1377.94,4960,1000,0,1,2,3,3,0,0,1,0,1,0,0,0,1,0,0,0,0,0
331,1313.33,14120,2000,0,3,1,3,3,1,0,0,0,0,0,0,0,1,0,0,0,0,0
332,1259.02,940,500,0,1,2,2,1,0,1,0,0,0,1,0,0,0,0,0,1,0,0
333,1371.88,580,1000,0,1,2,2,1,0,1,0,0,0,1,0,0,0,0,0,0,1,0
334,1399.27,6680,500,6000000,1,0,0,4,0,0,1,0,1,0,0,0,0,0,0,0,0,0
335,1061.98,7250,1000,6000000,1,0,1,2,0,0,1,0,0,0,0,1,0,0,0,0,0,1
336,1365.46,4920,500,4000000,3,2,1,2,0,0,0,0,1,0,0,0,0,0,0,1,0,0
337,894.4,7810,1000,0,1,2,0,4,0,0,1,0,0,0,0,1,1,0,0,0,0,0
338,956.69,8710,500,0,1,1,1,2,0,0,1,0,0,0,1,0,1,0,0,0,0,0
339,1123.89,4580,2000,0,3,1,3,4,0,0,0,0,1,0,0,0,1,0,0,0,0,0
340,1085.03,6480,500,0,3,2,2,4,1,0,0,0,0,0,0,1,0,0,0,0,1,0
341,1437.33,12800,2000,0,1,1,3,2,0,0,1,0,0,0,1,0,0,0,0,1,0,0
342,988.29,10520,1000,0,1,2,2,3,1,0,1,0,0,0,0,1,1,0,0,0,0,0
343,1238.89,960,500,0,1,0,3,2,0,0,0,1,0,1,0,0,0,0,0,0,0,1
344,1384.64,11100,1000,5000000,1,2,3,4,1,0,1,0,0,0,0,1,0,0,0,0,1,0
345,1595.07,11820,2000,0,1,0,2,2,0,0,1,0,0,0,0,1,0,0,0,0,1,0
346,1127.89,6580,1000,6000000,1,2,0,2,0,0,1,0,0,0,0,0,0,0,0,0,0,1
347,929.7,5270,2000,6000000,1,2,2,4,0,0,1,0,0,0,1,0,0,0,0,0,1,0
348,1829.63,6150,1000,0,3,1,0,4,0,0,0,0,0,0,1,0,0,0,0,1,0,0
349,904.7,14840,1000,7000000,1,1,3,3,1,0,1,0,1,0,0,0,0,0,0,1,0,0
350,1243.84,12980,1000,0,1,1,3,2,0,0,1,0,0,0,1,0,0,0,0,0,1,0
351,1030.95,3590,2000,0,3,1,0,3,1,0,0,0,0,0,0,0,0,0,0,0,0,0
352,1285.03,10440,500,3000000,1,1,3,2,0,0,1,0,1,0,0,0,0,0,0,0,1,0
353,1216.56,13000,500,0,1,0,2,2,0,0,1,0,0,0,0,1,0,0,0,1,0,0
354,966.26,6720,2000,0,3,0,0,2,0,0,0,0,0,0,0,0,1,0,0,0,0,0
355,1203.17,5750,500,0,1,0,0,4,0,0,1,0,1,0,0,0,0,0,0,0,0,1
356,1212.12,5730,2000,0,3,1,1,3,0,0,0,0,0,0,1,0,0,0,0,0,0,1
357,1573.93,10840,1000,0,3,0,2,2,0,0,0,0,0,0,0,1,1,0,0,0,0,0
358,1609.67,13800,1000,0,1,1,3,3,1,0,1,0,0,0,0,0,0,0,0,1,0,0
359,1097.57,6170,500,0,1,1,0,4,0,0,1,0,0,0,1,0,0,0,0,1,0,0
360,1618.65,7810,2000,2000000,3,2,1,3,1,0,0,0,0,0,0,0,0,1,0,0,0,0
361,922.67,9360,500,0,3,2,1,3,1,0,0,0,0,0,0,0,0,0,0,1,0,0
362,1342.02,450,1000,0,1,0,2,1,0,1,0,0,0,1,0,0,0,0,0,0,1,0
363,1195.01,6100,500,0,3,0,2,3,1,0,0,0,0,0,1,0,0,0,0,0,0,1
364,994.74,620,1000,0,1,2,2,2,1,1,0,0,0,0,0,1,0,0,0,1,0,0
365,1050.24,720,1000,0,1,0,0,2,1,1,0,0,0,1,0,0,0,0,0,0,0,0
366,1313.51,280,2000,7000000,1,2,0,1,0,0,0,1,0,1,0,0,0,0,0,1,0,0
367,1102.29,6000,2000,0,1,1,0,2,0,0,1,0,0,0,0,0,0,0,0,0,1,0
368,1185.78,8900,1000,0,1,0,2,2,1,0,1,0,0,0,0,1,0,0,0,0,0,0
369,1527.95,15560,500,0,4,0,1,3,0,0,0,0,0,0,1,0,0,0,0,0,0,1
370,1366.39,5840,1000,0,3,2,1,3,0,0,0,0,0,0,1,0,0,0,0,0,0,0
371,1403.9,8020,1000,0,2,1,2,4,0,0,0,0,0,0,0,1,0,0,0,0,1,0
372,927.23,6760,2000,0,1,1,3,4,0,0,1,0,0,0,1,0,0,0,0,1,0,0
373,1554.86,680,2000,6000000,1,1,2,2,1,1,0,0,0,1,0,0,0,0,0,0,0,1
374,736.07,10380,2000,6000000,4,0,0,2,0,0,0,0,0,0,0,1,0,0,0,1,0,0
375,974.16,4860,1000,6000000,3,1,0,4,0,0,0,0,0,0,1,0,1,0,0,0,0,0
376,973.8,6620,500,0,1,1,0,3,0,0,1,0,0,0,0,0,0,0,0,0,0,1
377,1260.32,4550,2000,6000000,1,1,2,4,0,0,1,0,1,0,0,0,0,0,0,0,1,0
378,1464.03,4420,1000,0,3,2,0,2,0,0,0,0,0,0,0,0,1,0,0,0,0,0
379,617.11,5080,2000,0,3,1,2,3,1,0,0,0,0,0,1,0,0,0,0,0,1,0
380,1724.46,4420,2000,6000000,3,1,3,4,0,0,0,0,0,0,0,1,0,0,0,1,0,0
381,1161.31,5720,500,0,1,1,3,2,0,0,1,0,0,0,0,1,0,0,0,1,0,0
382,1091.73,5550,2000,0,3,0,2,2,1,0,0,0,0,0,1,0,1,0,0,0,0,0
383,1209.07,6270,2000,0,1,0,1,2,1,0,1,0,0,0,0,0,0,0,0,0,0,0
384,1241.04,18220,2000,0,1,2,2,2,0,0,1,0,0,0,0,1,1,0,0,0,0,0
385,1757.21,5460,500,0,3,1,0,2,0,0,0,0,1,0,0,0,1,0,0,0,0,0
386,802.24,5570,1000,0,1,0,1,3,0,0,1,0,0,0,0,0,0,0,0,0,0,1
387,1342.72,6940,1000,0,1,1,2,4,0,0,1,0,0,0,1,0,1,0,0,0,0,0
388,1209.41,11420,2000,5000000,3,0,1,4,0,0,0,0,0,0,1,0,1,0,0,0,0,0
389,1141.71,6770,1000,2000000,1,1,2,3,0,0,1,0,0,0,0,0,0,0,0,0,0,1
390,1090.03,4840,500,0,1,0,2,3,0,0,1,0,0,0,0,0,0,0,0,0,0,1
391,1464.73,5720,1000,3000000,3,0,0,4,0,0,0,0,1,0,0,0,1,0,0,0,0,0
392,1118.58,10340,1000,0,3,2,1,4,0,0,0,0,1,0,0,0,1,0,0,0,0,0
393,1117.04,5460,2000,0,3,1,2,4,0,0,0,0,0,0,1,0,0,0,0,0,0,1
394,1257.83,9540,500,7000000,4,2,2,3,1,0,0,0,0,0,1,0,0,1,0,0,0,0
395,1082.72,580,2000,0,1,2,0,2,0,0,0,1,0,1,0,0,0,0,0,1,0,0
396,1191.8,12220,1000,6000000,1,1,0,3,0,0,1,0,0,0,1,0,1,0,0,0,0,0
397,1242.02,7490,1000,0,1,0,2,2,0,0,1,0,1,0,0,0,0,0,0,0,1,0
398,1075.71,290,500,0,1,0,1,1,0,0,0,1,0,0,0,1,0,0,0,0,0,1
399,969.88,6410,1000,6000000,1,1,0,2,0,0,1,0,0,0,0,0,1,0,0,0,0,0
400,1459.93,14180,2000,0,2,1,3,4,0,0,0,0,0,0,0,1,0,0,0,0,0,1
401,1245.61,9180,1000,0,1,1,0,4,0,0,1,0,1,0,0,0,1,0,0,0,0,0
402,1462.76,4080,2000,0,3,2,0,3,1,0,0,0,0,0,0,0,1,0,0,0,0,0
403,1398.46,15060,2000,0,1,0,2,2,0,0,1,0,0,0,0,0,0,0,0,0,0,0
404,1269.64,15360,1000,0,1,1,3,2,1,0,1,0,0,0,1,0,0,0,0,1,0,0
405,1455.65,7980,500,4000000,3,2,3,4,0,0,0,0,1,0,0,0,0,0,0,0,0,1
406,1140.31,9640,2000,0,3,0,3,2,0,0,0,0,0,0,0,1,0,0,0,0,0,1
407,1330.46,4400,500,0,3,0,0,4,0,0,0,0,0,0,0,1,0,0,0,0,1,0
408,1190.6,7860,2000,0,1,1,3,2,0,0,1,0,1,0,0,0,0,1,0,0,0,0
409,972.5,580,500,0,1,2,3,1,0,0,0,1,0,1,0,0,0,0,0,0,0,0
410,1161.91,650,2000,0,1,0,3,2,0,1,0,0,0,1,0,0,0,0,0,0,0,1
411,1117.17,1240,1000,0,1,2,0,1,0,1,0,0,0,0,0,1,0,0,0,1,0,0
412,1101.51,11580,2000,0,3,2,2,2,0,0,0,0,1,0,0,0,1,0,0,0,0,0
413,1523.17,15760,1000,0,3,1,2,3,0,0,0,0,1,0,0,0,0,0,1,0,0,0
414,984.45,780,1000,0,1,1,2,2,0,0,0,1,0,1,0,0,0,0,0,0,0,0
415,1257.0,11140,2000,4000000,1,1,3,4,0,0,1,0,0,0,1,0,0,0,0,0,0,1
416,1434.51,8930,500,0,1,0,2,4,0,0,1,0,0,0,0,1,1,0,0,0,0,0
417,1628.0,5560,2000,0,1,1,2,4,0,0,1,0,0,0,0,0,1,0,0,0,0,0
418,1412.31,500,500,0,1,1,3,1,0,0,0,1,0,0,0,1,0,0,0,0,0,0
419,1362.87,14740,500,5000000,1,2,0,2,0,0,1,0,0,0,1,0,1,0,0,0,0,0
420,1134.68,13860,1000,0,1,2,2,3,0,0,1,0,0,0,0,0,0,0,0,1,0,0
421,1306.78,20280,1000,0,1,1,0,4,0,0,1,0,0,0,0,0,0,0,0,1,0,0
422,1021.9,14040,500,0,1,0,0,3,0,0,1,0,0,0,1,0,0,0,0,0,0,1
423,1538.6,12120,1000,0,1,0,0,2,0,0,1,0,1,0,0,0,0,0,0,1,0,0
424,1354.5,12960,1000,0,3,0,3,3,1,0,0,0,0,0,0,0,1,0,0,0,0,0
425,1282.93,12160,500,0,4,0,0,3,1,0,0,0,0,0,0,1,0,0,0,0,0,1
426,1346.27,5820,1000,0,1,0,2,4,0,0,1,0,0,0,0,0,0,0,0,0,0,1
427,1338.4,6730,1000,4000000,1,1,0,2,0,0,1,0,0,0,0,1,0,0,0,0,0,0
428,949.44,8710,1000,0,3,0,0,3,1,0,0,0,0,0,0,0,0,0,0,0,0,0
429,977.4,11140,2000,0,1,2,3,4,0,0,1,0,1,0,0,0,1,0,0,0,0,0
430,1181.46,5670,2000,10000000,4,1,2,4,0,0,0,0,0,0,0,0,0,1,0,0,0,0
431,1187.53,0,500,0,3,0,0,4,0,0,0,0,0,0,1,0,0,0,0,0,1,0
432,845.16,6130,1000,0,1,1,0,3,1,0,1,0,0,0,0,1,0,0,0,0,0,0
433,1442.27,5850,500,0,1,2,3,2,0,0,1,0,0,0,1,0,1,0,0,0,0,0
434,1276.43,6660,2000,0,1,0,3,3,0,0,1,0,1,0,0,0,0,0,0,0,0,0
435,1075.41,7340,500,0,1,1,0,4,0,0,1,0,0,0,0,1,0,0,1,0,0,0
436,1111.72,4650,500,0,1,1,2,3,0,0,1,0,1,0,0,0,0,0,1,0,0,0
437,814.96,1280,2000,6000000,1,2,2,1,1,1,0,0,0,0,0,1,0,0,0,0,0,0
438,1575.86,290,1000,0,1,1,1,1,0,0,0,1,0,0,0,1,0,0,0,0,0,1
439,1115.27,590,1000,0,1,2,1,1,0,1,0,0,0,1,0,0,0,0,0,0,1,0
440,1175.7,6370,2000,0,1,0,2,4,0,0,1,0,1,0,0,0,1,0,0,0,0,0
441,793.15,13660,500,0,3,0,3,4,0,0,0,0,0,0,1,0,0,0,0,0,0,1
442,942.51,19200,500,0,1,0,0,3,1,0,1,0,1,0,0,0,0,0,0,1,0,0
443,1056.71,580,1000,0,1,2,1,2,0,1,0,0,0,1,0,0,0,0,0,0,1,0
444,1255.68,1480,2000,6000000,1,0,0,2,0,1,0,0,0,1,0,0,0,0,0,0,0,0
445,1335.13,6090,500,0,1,1,1,4,1,0,1,0,0,0,0,1,0,0,0,1,0,0
446,1178.95,9880,500,6000000,1,2,3,4,0,0,1,0,1,0,0,0,1,0,0,0,0,0
447,1793.16,6250,500,0,1,2,2,2,0,0,1,0,1,0,0,0,0,0,0,0,0,0
448,1008.38,6150,500,0,1,1,0,4,0,0,1,0,0,0,0,0,0,0,0,1,0,0
449,1396.83,13980,500,0,4,0,3,3,0,0,0,0,0,0,0,0,0,0,0,0,0,1
450,1402.78,12460,500,5000000,1,0,1,2,0,0,1,0,0,0,0,0,1,0,0,0,0,0
451,1437.88,0,1000,0,1,2,0,4,0,0,1,0,1,0,0,0,0,0,0,1,0,0
452,1313.64,390,1000,0,1,1,0,1,0,1,0,0,0,1,0,0,1,0,0,0,0,0
453,1482.14,6750,500,0,3,2,1,4,0,0,0,0,0,0,1,0,1,0,0,0,0,0
454,1171.75,4430,2000,0,1,2,3,2,0,0,1,0,0,0,1,0,1,0,0,0,0,0
455,1353.33,17300,2000,0,3,2,0,2,0,0,0,0,0,0,0,1,0,0,0,0,0,1
456,1175.51,680,500,0,1,0,1,2,0,0,0,1,0,0,0,1,1,0,0,0,0,0
457,1836.02,6650,2000,0,1,2,1,3,1,0,1,0,0,0,0,0,0,0,0,0,0,0
458,1480.79,17260,500,9000000,1,0,2,4,0,0,1,0,0,0,1,0,0,0,0,0,0,0
459,1453.92,7950,2000,0,1,2,3,2,0,0,1,0,0,0,0,0,1,0,0,0,0,0
460,1340.71,13860,500,0,1,2,2,2,1,0,1,0,0,0,1,0,0,0,0,1,0,0
461,714.03,9920,2000,0,1,0,2,2,0,0,1,0,0,0,0,0,0,0,0,0,0,1
462,1376.16,5970,2000,0,3,2,1,3,1,0,0,0,0,0,0,1,0,0,0,1,0,0
463,914.22,7690,500,0,3,2,0,4,0,0,0,0,0,0,0,1,1,0,0,0,0,0
464,1601.47,6850,1000,0,3,2,2,4,0,0,0,0,0,0,1,0,0,0,0,1,0,0
465,1096.79,8140,1000,6000000,1,2,1,3,0,0,1,0,0,0,0,1,0,0,0,0,1,0
466,1078.22,5310,2000,0,3,0,1,3,0,0,0,0,1,0,0,0,0,0,0,1,0,0
467,1595.28,3510,1000,0,3,0,0,3,0,0,0,0,0,0,0,0,0,0,0,0,1,0
468,1217.84,9600,1000,5000000,3,2,2,2,0,0,0,0,1,0,0,0,0,0,0,0,0,1
469,1117.42,11820,2000,0,3,2,2,2,0,0,0,0,1,0,0,0,0,0,0,0,0,0
470,1567.37,11660,2000,0,1,2,3,3,1,0,1,0,0,0,1,0,1,0,0,0,0,0
471,1294.93,0,2000,6000000,3,1,2,2,0,0,0,0,0,0,0,0,0,0,0,0,0,1
472,1152.12,15080,1000,0,3,2,0,4,0,0,0,0,0,0,0,0,0,0,0,0,0,1
473,1441.21,1180,1000,0,1,1,0,1,0,0,0,1,0,1,0,0,0,0,0,1,0,0
474,1575.74,1180,1000,7000000,1,2,2,2,1,1,0,0,0,0,0,1,0,0,1,0,0,0
475,1233.96,5590,2000,0,3,1,1,4,0,0,0,0,0,0,0,1,0,0,0,0,0,0
476,1861.43,6380,1000,0,1,0,3,3,1,0,1,0,0,0,1,0,0,0,0,1,0,0
477,1570.86,7270,1000,0,1,0,1,4,1,0,1,0,0,0,0,1,0,0,0,0,1,0
478,791.47,1260,2000,0,1,1,2,2,1,0,0,1,0,0,0,1,0,0,0,0,0,0
479,1012.78,19020,1000,0,1,2,1,3,1,0,1,0,1,0,0,0,0,0,0,0,0,1
480,1047.06,6350,500,6000000,3,0,2,3,0,0,0,0,1,0,0,0,0,0,0,1,0,0
481,1390.29,6290,1000,0,1,0,0,2,0,0,1,0,1,0,0,0,0,0,1,0,0,0
482,951.46,6630,500,0,3,0,3,3,1,0,0,0,0,0,1,0,0,0,0,0,0,1
483,1226.78,8150,1000,0,2,2,0,2,0,0,0,0,0,0,1,0,1,0,0,0,0,0
484,1280.9,5000,500,0,1,2,0,2,0,0,1,0,0,0,0,0,0,0,0,0,0,0
485,1472.77,8780,2000,0,1,2,1,4,0,0,1,0,0,0,1,0,1,0,0,0,0,0
486,1878.44,5370,1000,0,1,0,0,4,0,0,1,0,1,0,0,0,0,0,0,0,1,0
487,1418.5,6330,500,0,3,0,0,2,0,0,0,0,0,0,0,1,1,0,0,0,0,0
488,1532.8,11960,500,0,1,0,3,4,0,0,1,0,0,0,1,0,0,0,0,1,0,0
489,1304.35,11600,500,0,3,0,2,4,1,0,0,0,0,0,0,0,1,0,0,0,0,0
490,1551.61,250,2000,0,1,1,1,2,0,0,0,1,0,1,0,0,0,0,0,0,0,1
491,1326.98,9020,1000,6000000,3,1,3,2,0,0,0,0,0,0,0,0,0,0,0,0,1,0
492,862.92,11580,500,0,3,0,2,3,0,0,0,0,0,0,1,0,1,0,0,0,0,0
493,1331.69,10300,2000,0,1,1,2,2,0,0,1,0,0,0,0,1,1,0,0,0,0,0
494,1486.04,6410,2000,0,3,2,3,3,1,0,0,0,0,0,1,0,0,1,0,0,0,0
495,870.55,13380,1000,0,1,0,3,2,0,0,1,0,0,0,1,0,0,0,0,1,0,0
496,1344.56,0,2000,6000000,1,1,2,1,0,0,0,1,0,0,0,1,1,0,0,0,0,0
497,1377.04,6620,1000,0,4,1,1,2,0,0,0,0,0,0,0,0,1,0,0,0,0,0
498,1237.88,5780,500,0,1,0,0,3,1,0,1,0,0,0,0,1,1,0,0,0,0,0
499,1525.86,6670,1000,0,1,1,1,2,0,0,1,0,0,0,1,0,0,0,0,0,0,0
500,854.58,23670,500,0,1,2,3,2,0,0,1,0,0,0,0,1,0,0,0,1,0,0
501,770.76,4980,1000,0,1,0,2,3,0,0,1,0,0,0,0,1,0,0,0,0,0,1
502,1132.74,14080,2000,0,1,1,1,3,0,0,1,0,0,0,1,0,0,0,0,0,0,1
503,1173.37,0,500,8000000,1,1,0,4,0,0,1,0,0,0,1,0,0,0,0,1,0,0
504,1188.28,5980,2000,6000000,2,1,0,3,1,0,0,0,1,0,0,0,0,0,0,0,1,0
505,876.88,6370,1000,6000000,1,2,1,2,0,0,1,0,0,0,0,1,0,0,0,0,0,1
506,1143.95,5930,1000,0,3,2,1,2,0,0,0,0,0,0,0,1,1,0,0,0,0,0
507,1409.06,14520,2000,0,1,2,2,2,0,0,1,0,0,0,0,1,1,0,0,0,0,0
508,1070.63,12320,1000,0,3,0,1,4,0,0,0,0,1,0,0,0,1,0,0,0,0,0
509,916.13,12360,2000,0,3,2,0,4,0,0,0,0,0,0,0,1,1,0,0,0,0,0
510,1191.5,8900,500,0,1,2,0,4,0,0,1,0,0,0,0,1,0,0,0,0,0,1
511,1474.66,820,1000,0,1,2,3,1,0,1,0,0,0,0,0,1,1,0,0,0,0,0
512,1193.45,5880,1000,0,1,2,1,4,0,0,1,0,0,0,0,0,0,0,0,0,0,1
513,1437.53,5970,1000,0,3,0,2,2,1,0,0,0,0,0,0,0,0,0,1,0,0,0
514,1304.83,10100,2000,0,1,0,0,4,0,0,1,0,0,0,0,0,1,0,0,0,0,0
515,1168.8,3250,1000,0,1,0,3,4,0,0,1,0,0,0,1,0,1,0,0,0,0,0
516,1164.97,7140,1000,0,1,1,2,4,0,0,1,0,0,0,0,0,0,0,0,0,0,1
517,1232.72,14660,1000,0,3,1,0,3,1,0,0,0,1,0,0,0,0,0,0,1,0,0
518,1800.76,4780,2000,0,3,1,0,2,0,0,0,0,0,0,0,0,0,0,0,1,0,0
519,1187.01,640,500,7000000,1,0,1,1,0,0,0,1,0,0,0,1,1,0,0,0,0,0
520,1559.34,7000,1000,0,1,0,2,4,0,0,1,0,1,0,0,0,1,0,0,0,0,0
521,1137.02,16020,2000,0,1,1,3,4,0,0,1,0,0,0,0,0,0,0,0,0,0,1
522,1281.72,4340,1000,0,4,0,2,2,0,0,0,0,1,0,0,0,0,0,0,1,0,0
523,796.35,10720,1000,0,3,2,1,4,0,0,0,0,1,0,0,0,0,0,0,1,0,0
524,1270.02,240,500,0,1,1,2,2,0,1,0,0,0,0,0,1,0,0,0,0,0,0
525,1383.13,1060,1000,0,1,1,1,1,0,0,0,1,0,0,0,1,0,0,0,1,0,0
526,1290.74,14340,2000,5000000,3,2,0,3,0,0,0,0,0,0,0,0,0,0,0,0,1,0
527,1216.68,300,1000,0,1,1,1,1,0,0,0,1,0,0,0,1,0,0,0,1,0,0
528,1251.16,6330,500,0,1,0,1,4,0,0,1,0,0,0,0,0,0,0,0,0,0,1
529,1586.41,13740,2000,0,1,1,3,3,1,0,1,0,0,0,0,1,0,0,0,0,0,1
530,1526.11,15040,2000,5000000,1,2,3,2,0,0,1,0,0,0,0,1,0,0,0,1,0,0
531,1028.44,7360,1000,0,1,0,0,3,0,0,1,0,0,0,0,0,0,0,0,1,0,0
532,1555.94,13180,1000,0,3,1,3,4,0,0,0,0,0,0,1,0,0,0,0,0,1,0
533,1570.77,620,2000,0,1,0,3,2,0,0,0,1,0,1,0,0,0,0,0,1,0,0
534,1170.53,11380,2000,0,3,1,2,4,0,0,0,0,1,0,0,0,0,0,0,0,0,1
535,1099.95,6550,1000,0,1,1,0,3,1,0,1,0,0,0,1,0,1,0,0,0,0,0
536,1472.43,11560,2000,0,3,1,3,3,0,0,0,0,0,0,0,0,0,0,0,0,0,1
537,1275.62,6140,500,0,3,2,1,2,0,0,0,0,0,0,0,1,1,0,0,0,0,0
538,1292.3,470,1000,0,1,1,3,2,1,1,0,0,0,1,0,0,0,0,0,0,1,0
539,1009.37,13480,2000,0,1,0,2,4,0,0,1,0,1,0,0,0,0,0,0,1,0,0
540,1093.07,13860,500,4000000,1,2,2,3,0,0,1,0,0,0,1,0,0,0,0,0,1,0
541,1325.44,830,1000,7000000,1,0,2,1,0,1,0,0,0,0,0,1,0,0,0,0,0,0
542,1017.18,8740,2000,0,3,1,3,3,0,0,0,0,0,0,0,1,0,0,0,0,0,0
543,1221.17,11340,1000,0,3,0,0,2,0,0,0,0,0,0,0,0,0,0,0,1,0,0
544,1927.87,5410,500,0,1,0,1,2,1,0,1,0,1,0,0,0,0,0,0,0,1,0
545,978.27,7640,1000,0,1,1,3,3,0,0,1,0,1,0,0,0,0,0,0,1,0,0
546,1221.14,13720,2000,0,1,0,2,4,0,0,1,0,0,0,0,0,0,0,0,0,1,0
547,1255.62,6900,2000,0,3,2,1,3,1,0,0,0,0,0,1,0,0,1,0,0,0,0
548,999.52,720,500,0,1,1,2,2,0,0,0,1,0,0,0,1,0,0,0,0,1,0
549,1380.89,12220,500,0,3,2,1,2,0,0,0,0,0,0,0,0,0,0,0,1,0,0
550,1010.77,4250,500,0,3,0,3,4,0,0,0,0,0,0,0,0,0,0,0,0,0,0
551,1205.86,7200,500,0,1,0,1,2,0,0,1,0,1,0,0,0,0,0,0,1,0,0
552,1526.61,840,1000,0,1,2,2,2,1,0,0,1,0,0,0,1,0,0,0,1,0,0
553,1496.44,1260,1000,0,1,2,2,1,0,1,0,0,0,0,0,1,0,0,0,0,0,0
554,1256.2,8340,500,0,3,1,2,2,0,0,0,0,0,0,1,0,0,0,0,1,0,0
555,1268.35,14060,500,0,1,2,1,3,1,0,1,0,0,0,1,0,1,0,0,0,0,0
556,1421.59,450,2000,0,1,2,3,1,0,0,0,1,0,0,0,1,0,0,0,0,0,1
557,1500.04,860,500,6000000,1,0,2,2,0,0,0,1,0,0,0,1,0,0,0,0,0,0
558,1433.24,2730,500,0,3,2,1,4,1,0,0,0,1,0,0,0,0,0,0,0,0,1
559,1231.25,9760,2000,0,3,1,0,2,0,0,0,0,0,0,0,0,0,0,0,0,0,1
560,1135.43,3900,500,0,3,1,1,4,0,0,0,0,0,0,0,1,0,0,0,0,0,1
561,945.73,8410,2000,5000000,1,0,0,2,1,0,1,0,1,0,0,0,1,0,0,0,0,0
562,1118.76,6840,2000,0,1,1,3,4,0,0,1,0,1,0,0,0,1,0,0,0,0,0
563,1231.98,5530,2000,0,1,0,0,2,0,0,1,0,0,0,0,1,1,0,0,0,0,0
564,1005.47,5770,2000,0,4,2,3,2,0,0,0,0,0,0,0,0,0,0,0,0,1,0
565,1108.97,16620,2000,0,1,2,2,2,0,0,1,0,0,0,1,0,0,0,0,0,0,1
566,1392.39,5430,500,5000000,1,2,0,2,0,0,1,0,1,0,0,0,0,0,0,1,0,0
567,1317.97,5380,2000,0,3,1,2,3,1,0,0,0,0,0,0,0,0,0,0,1,0,0
568,1588.22,8460,1000,0,3,1,1,4,0,0,0,0,0,0,1,0,0,0,0,0,0,1
569,900.02,6970,500,6000000,1,1,3,4,0,0,1,0,0,0,1,0,0,0,0,1,0,0
570,1744.64,7280,1000,3000000,3,0,1,4,0,0,0,0,0,0,0,0,0,0,0,0,0,1
571,1260.56,4690,1000,0,3,0,2,2,0,0,0,0,0,0,0,1,0,0,0,1,0,0
572,1021.14,14380,2000,0,3,2,3,3,0,0,0,0,0,0,0,0,1,0,0,0,0,0
573,1285.09,15060,2000,0,1,0,2,3,1,0,1,0,0,0,1,0,1,0,0,0,0,0
574,1537.07,4740,500,3000000,1,1,0,4,1,0,1,0,0,0,1,0,0,1,0,0,0,0
575,1022.42,14220,1000,0,1,0,2,4,0,0,1,0,0,0,1,0,0,0,0,1,0,0
576,1558.86,6940,2000,0,1,2,2,2,0,0,1,0,0,0,0,1,1,0,0,0,0,0
577,1757.87,10000,500,0,3,2,1,3,1,0,0,0,0,0,1,0,0,0,0,1,0,0
578,973.5,7860,1000,0,2,1,3,4,0,0,0,0,0,0,0,1,0,0,0,0,0,1
579,1430.8,19260,500,0,1,2,3,3,1,0,1,0,1,0,0,0,1,0,0,0,0,0
580,1192.27,12240,500,0,1,2,0,4,0,0,1,0,0,0,1,0,0,0,0,0,0,0
581,1163.83,13840,500,0,4,2,0,3,0,0,0,0,0,0,1,0,0,0,0,0,0,0
582,1003.15,13080,1000,0,2,2,1,2,0,0,0,0,0,0,0,0,0,0,0,1,0,0
583,1153.54,12380,2000,6000000,3,0,1,2,0,0,0,0,1,0,0,0,1,0,0,0,0,0
584,1631.1,670,1000,0,1,1,2,1,0,1,0,0,0,0,0,1,0,0,0,0,0,1
585,1252.48,510,1000,0,1,1,3,2,0,0,0,1,0,1,0,0,0,1,0,0,0,0
586,1677.26,510,1000,0,1,1,3,1,0,0,0,1,0,0,0,1,0,0,0,0,0,1
587,979.73,14480,1000,0,2,1,2,3,1,0,0,0,0,0,1,0,0,0,0,1,0,0
588,989.24,7090,500,0,1,2,3,3,0,0,1,0,1,0,0,0,1,0,0,0,0,0
589,1389.86,6510,1000,0,2,2,3,4,0,0,0,0,0,0,1,0,0,0,0,0,0,1
590,1233.85,14280,500,0,3,2,1,4,0,0,0,0,0,0,0,0,0,0,1,0,0,0
591,1320.39,21810,500,0,1,2,1,3,1,0,1,0,0,0,0,0,0,0,0,0,0,1
592,1435.09,6290,1000,0,1,2,0,4,0,0,1,0,0,0,0,1,0,0,0,1,0,0
593,1448.54,7690,500,0,1,1,1,3,1,0,1,0,1,0,0,0,0,0,0,0,1,0
594,1733.56,14840,500,0,3,2,1,3,0,0,0,0,1,0,0,0,0,0,0,1,0,0
595,1533.07,6500,500,0,1,1,2,3,0,0,1,0,0,0,0,1,0,0,0,0,0,0
596,1106.77,500,500,0,1,2,0,1,0,1,0,0,0,0,0,1,0,0,0,0,0,1
597,995.7,1000,500,5000000,1,2,1,1,1,1,0,0,0,0,0,1,0,0,1,0,0,0
598,1298.85,12100,1000,6000000,3,1,3,3,0,0,0,0,0,0,0,0,1,0,0,0,0,0
599,1276.73,6880,1000,5000000,3,1,3,3,0,0,0,0,0,0,0,1,0,0,0,0,0,1
600,1202.28,4370,2000,0,1,1,2,2,1,0,1,0,0,0,0,0,0,0,0,0,1,0
601,671.92,7120,500,0,1,2,0,2,0,0,1,0,0,0,1,0,0,0,0,0,0,0
602,1358.03,10000,1000,0,1,2,1,4,1,0,1,0,0,0,1,0,0,0,0,1,0,0
603,1008.79,550,1000,4000000,1,2,3,1,0,0,0,1,0,0,0,1,0,0,0,0,0,1
604,1141.1,11940,1000,0,2,0,1,2,0,0,0,0,0,0,0,1,0,0,0,1,0,0
605,1397.0,6860,1000,0,1,1,0,2,0,0,1,0,0,0,1,0,1,0,0,0,0,0
606,1664.66,5750,1000,0,1,0,3,4,0,0,1,0,0,0,0,0,0,0,0,1,0,0
607,1151.39,1740,1000,4000000,1,0,0,2,0,1,0,0,0,0,0,1,1,0,0,0,0,0
608,1546.01,7710,2000,0,4,2,1,4,0,0,0,0,0,0,0,1,0,0,0,0,1,0
609,1063.67,6600,500,0,1,2,0,2,0,0,1,0,0,0,0,1,1,0,0,0,0,0
610,709.14,4990,1000,0,3,1,0,2,0,0,0,0,1,0,0,0,1,0,0,0,0,0
611,1039.55,13460,500,0,3,2,1,2,0,0,0,0,0,0,1,0,0,0,0,0,0,1
612,1339.39,11180,500,0,1,1,2,4,0,0,1,0,0,0,1,0,1,0,0,0,0,0
613,1202.75,13260,1000,0,3,0,2,2,0,0,0,0,0,0,0,1,0,0,0,1,0,0
614,1081.17,490,2000,0,1,0,1,2,0,1,0,0,0,0,0,1,1,0,0,0,0,0
615,991.39,14140,500,0,3,1,0,4,0,0,0,0,0,0,1,0,0,0,0,0,0,1
616,984.02,14940,500,0,2,2,2,3,1,0,0,0,1,0,0,0,0,0,0,1,0,0
617,1354.83,4060,500,0,2,2,2,2,0,0,0,0,0,0,0,1,1,0,0,0,0,0
618,830.31,10060,1000,0,1,1,0,4,0,0,1,0,0,0,0,0,0,0,0,1,0,0
619,987.42,8560,2000,7000000,3,0,3,2,0,0,0,0,0,0,0,0,1,0,0,0,0,0
620,1119.29,4070,500,0,1,0,0,2,1,0,1,0,0,0,0,1,0,0,0,1,0,0
621,1048.39,3150,500,0,1,2,1,2,0,0,1,0,0,0,0,1,1,0,0,0,0,0
622,1074.47,400,1000,0,1,2,0,1,0,1,0,0,0,0,0,1,0,0,0,0,0,1
623,1230.76,14360,1000,0,1,1,1,3,1,0,1,0,1,0,0,0,0,0,0,0,1,0
624,1255.02,1120,500,0,1,1,0,2,0,1,0,0,0,1,0,0,0,0,0,1,0,0
625,1555.52,7750,1000,0,1,1,1,3,0,0,1,0,0,0,0,0,0,0,0,0,0,0
626,836.11,6070,2000,5000000,4,1,2,3,0,0,0,0,1,0,0,0,0,0,0,1,0,0
627,1450.98,1100,500,0,1,0,2,1,0,1,0,0,0,0,0,1,0,0,0,0,0,1
628,625.08,7990,2000,0,1,2,3,3,1,0,1,0,1,0,0,0,0,0,0,1,0,0
629,1133.27,5500,2000,0,2,0,2,4,1,0,0,0,0,0,1,0,1,0,0,0,0,0
630,1366.6,16040,500,0,3,2,1,2,0,0,0,0,1,0,0,0,1,0,0,0,0,0
631,1439.9,4880,1000,6000000,2,1,2,4,0,0,0,0,0,0,1,0,0,0,0,1,0,0
632,1230.69,5380,1000,0,1,0,2,2,0,0,1,0,1,0,0,0,0,0,0,0,1,0
633,1307.68,9060,2000,0,1,1,2,3,1,0,1,0,0,0,0,1,1,0,0,0,0,0
634,1124.69,4940,2000,0,1,0,3,3,0,0,1,0,0,0,0,1,0,0,0,0,0,1
635,1520.78,260,1000,0,1,0,2,1,1,1,0,0,0,1,0,0,0,0,0,1,0,0
636,1609.11,1220,2000,0,1,2,1,2,0,0,0,1,0,0,0,1,0,0,0,0,0,1
637,1358.91,1340,1000,0,1,0,2,1,0,0,0,1,0,0,0,1,0,0,0,0,0,1
638,1295.87,5080,500,0,3,1,0,3,1,0,0,0,0,0,0,0,0,0,0,0,0,0
639,1161.03,5190,500,5000000,2,1,1,2,0,0,0,0,1,0,0,0,0,0,0,0,1,0
640,1441.06,16300,2000,0,1,2,3,4,0,0,1,0,0,0,0,1,1,0,0,0,0,0
641,1097.99,0,1000,0,3,0,3,4,0,0,0,0,0,0,0,1,1,0,0,0,0,0
642,1464.42,5660,1000,0,1,2,0,3,0,0,1,0,0,0,0,0,0,0,0,1,0,0
643,1543.68,4720,500,0,1,0,1,3,1,0,1,0,0,0,0,1,0,0,0,0,0,0
644,1390.89,4860,500,5000000,1,2,2,2,0,0,1,0,0,0,1,0,1,0,0,0,0,0
645,1148.58,5710,2000,0,3,2,1,4,0,0,0,0,1,0,0,0,0,0,0,1,0,0
646,1616.26,7040,500,0,3,2,3,4,0,0,0,0,0,0,0,0,1,0,0,0,0,0
647,1398.94,13660,500,0,1,1,2,2,0,0,1,0,0,0,0,0,1,0,0,0,0,0
648,1238.92,920,1000,0,1,0,2,1,0,1,0,0,0,1,0,0,1,0,0,0,0,0
649,968.46,13200,1000,0,3,0,2,4,1,0,0,0,0,0,0,0,0,0,0,0,0,1
650,1045.12,15540,500,0,3,0,2,3,1,0,0,0,0,0,0,0,1,0,0,0,0,0
651,1537.33,15540,1000,0,3,1,1,2,0,0,0,0,0,0,0,1,1,0,0,0,0,0
652,912.3,12500,500,0,3,2,1,3,1,0,0,0,0,0,1,0,0,0,0,1,0,0
653,1007.28,16560,2000,6000000,3,1,3,2,0,0,0,0,0,0,0,1,1,0,0,0,0,0
654,1189.98,8060,1000,4000000,1,1,3,2,0,0,1,0,0,0,1,0,0,0,0,0,0,1
655,1576.41,9500,1000,0,1,1,1,3,0,0,1,0,0,0,1,0,0,0,0,0,0,1
656,1172.82,390,500,4000000,1,1,3,1,0,0,0,1,0,0,0,1,0,0,0,1,0,0
657,1312.22,5940,500,9000000,3,0,3,2,1,0,0,0,0,0,1,0,0,0,0,0,0,0
658,671.01,6690,1000,7000000,1,2,0,2,0,0,1,0,1,0,0,0,0,0,0,0,0,0
659,895.14,4360,500,0,1,0,3,2,0,0,1,0,0,0,0,0,0,0,0,1,0,0
660,1373.21,12560,2000,0,3,0,0,4,0,0,0,0,0,0,0,1,0,0,0,1,0,0
661,1625.65,5950,1000,0,1,1,3,3,0,0,1,0,0,0,0,0,0,0,0,0,1,0
662,1295.63,5940,2000,4000000,3,1,0,4,0,0,0,0,0,0,0,1,0,0,0,0,0,1
663,1459.96,7580,1000,6000000,3,0,1,4,0,0,0,0,0,0,0,0,1,0,0,0,0,0
664,1219.94,12620,500,7000000,1,0,1,2,0,0,1,0,0,0,0,0,1,0,0,0,0,0
665,1064.49,10480,500,5000000,1,2,1,4,1,0,1,0,0,0,0,0,0,0,0,0,0,1
666,959.83,11600,1000,0,3,2,2,3,1,0,0,0,1,0,0,0,1,0,0,0,0,0
667,1767.02,8400,2000,0,1,1,1,4,0,0,1,0,0,0,0,0,0,0,0,1,0,0
668,1285.01,5850,500,0,1,2,2,3,0,0,1,0,0,0,0,0,0,0,0,0,1,0
669,1422.95,11040,2000,0,3,1,3,3,0,0,0,0,0,0,1,0,0,0,0,1,0,0
670,1223.39,8180,2000,0,3,1,3,4,0,0,0,0,0,0,0,0,0,0,1,0,0,0
671,1539.06,10700,2000,0,1,0,3,2,0,0,1,0,1,0,0,0,0,0,0,1,0,0
672,988.06,4040,2000,0,3,1,0,2,0,0,0,0,0,0,0,0,0,0,0,0,0,1
673,1740.57,3720,1000,0,1,0,1,3,0,0,1,0,0,0,0,1,0,0,0,1,0,0
674,1540.91,960,1000,7000000,1,1,1,1,0,0,0,1,0,1,0,0,0,0,0,0,1,0
675,1381.88,420,500,5000000,1,0,2,1,0,0,0,1,0,0,0,1,0,0,0,1,0,0
676,1446.98,5270,500,0,3,2,0,2,0,0,0,0,0,0,0,0,1,0,0,0,0,0
677,1220.86,960,500,0,1,1,2,1,0,1,0,0,0,1,0,0,1,0,0,0,0,0
678,948.1,6930,500,0,3,0,2,2,0,0,0,0,1,0,0,0,0,0,0,1,0,0
679,1471.24,4060,500,0,3,2,2,2,0,0,0,0,0,0,0,1,0,0,0,0,0,0
680,1157.97,6720,2000,0,1,2,2,4,0,0,1,0,0,0,0,1,1,0,0,0,0,0
681,566.11,440,2000,5000000,1,0,0,1,0,1,0,0,0,0,0,1,0,0,0,0,0,0
682,1060.88,1100,500,0,1,0,3,1,0,1,0,0,0,0,0,1,0,0,0,1,0,0
683,1524.45,4270,1000,4000000,4,0,0,4,1,0,0,0,0,0,0,0,0,0,0,0,0,0
684,1556.17,7320,1000,0,1,1,3,3,1,0,1,0,0,0,0,0,0,0,0,1,0,0
685,1216.24,10000,500,0,1,2,0,3,0,0,1,0,1,0,0,0,1,0,0,0,0,0
686,1484.72,320,500,5000000,1,0,1,1,0,1,0,0,0,1,0,0,1,0,0,0,0,0
687,1203.81,20550,500,0,3,0,2,2,0,0,0,0,0,0,0,1,0,0,0,0,0,1
688,1393.34,12480,1000,0,3,1,3,2,0,0,0,0,0,0,0,0,0,0,0,0,0,1
689,1484.48,11460,1000,0,1,2,3,3,0,0,1,0,0,0,0,1,0,0,0,1,0,0
690,1581.27,11540,500,5000000,1,2,2,2,0,0,1,0,0,0,0,1,1,0,0,0,0,0
691,1281.25,4040,1000,0,1,0,2,3,1,0,1,0,0,0,0,1,0,0,0,0,0,1
692,1667.83,1200,500,0,1,1,1,2,0,1,0,0,0,0,0,1,0,0,0,0,0,1
693,1497.41,9650,1000,0,3,2,0,2,0,0,0,0,0,0,0,0,0,0,0,0,0,1
694,803.36,11400,500,0,3,0,0,4,0,0,0,0,0,0,1,0,0,0,0,0,0,1
695,1221.41,300,2000,0,1,2,1,1,0,0,0,1,0,0,0,1,0,0,0,0,0,1
696,1865.83,8600,500,5000000,1,2,1,4,0,0,1,0,0,0,0,1,0,0,0,0,0,1
697,1434.27,10020,2000,0,1,2,3,3,0,0,1,0,0,0,1,0,0,0,0,0,1,0
698,1114.68,480,500,0,1,1,0,1,0,0,0,1,0,0,0,1,0,0,0,1,0,0
699,1218.56,5730,2000,0,3,2,2,4,1,0,0,0,0,0,0,1,0,0,0,0,1,0
700,1234.69,7440,2000,9000000,2,2,1,3,1,0,0,0,0,0,1,0,0,0,0,0,0,1
701,964.92,3530,500,0,4,2,1,3,1,0,0,0,1,0,0,0,1,0,0,0,0,0
702,1351.72,480,500,0,1,1,3,2,0,1,0,0,0,1,0,0,1,0,0,0,0,0
703,817.28,9260,1000,0,3,1,1,4,1,0,0,0,0,0,0,0,0,0,0,1,0,0
704,1389.59,7560,1000,0,3,1,3,3,1,0,0,0,1,0,0,0,1,0,0,0,0,0
705,1353.53,0,1000,0,1,0,0,2,1,0,1,0,0,0,0,0,1,0,0,0,0,0
706,1294.04,6610,1000,0,1,2,3,2,0,0,1,0,1,0,0,0,0,0,0,1,0,0
707,840.81,7510,1000,0,1,0,2,2,1,0,1,0,0,0,0,0,1,0,0,0,0,0
708,998.19,19650,2000,0,3,1,3,4,1,0,0,0,0,0,0,0,0,0,0,1,0,0
709,1090.32,5710,2000,0,1,1,2,2,1,0,1,0,0,0,0,0,0,0,0,1,0,0
710,1780.67,7020,500,0,1,1,0,3,1,0,1,0,0,0,0,0,0,0,0,0,0,0
711,1681.01,1470,2000,0,1,2,1,2,0,1,0,0,0,1,0,0,0,0,0,1,0,0
712,1395.77,11080,1000,0,3,1,3,3,1,0,0,0,0,0,1,0,0,0,1,0,0,0
713,1471.44,9160,2000,5000000,1,2,1,3,1,0,1,0,1,0,0,0,0,0,0,0,0,0
714,1265.72,9900,500,0,1,0,2,3,0,0,1,0,1,0,0,0,0,0,0,1,0,0
715,1274.7,11080,1000,5000000,3,2,3,3,1,0,0,0,0,0,0,0,0,0,0,0,0,0
716,1330.39,9980,500,0,1,2,2,4,0,0,1,0,0,0,1,0,1,0,0,0,0,0
717,1122.95,12480,500,4000000,3,0,3,2,0,0,0,0,0,0,0,0,0,0,0,0,0,1
718,1655.79,16280,2000,0,1,0,0,2,0,0,1,0,0,0,1,0,1,0,0,0,0,0
719,935.77,650,1000,0,1,1,0,1,0,0,0,1,0,0,0,1,0,0,1,0,0,0
720,1192.04,11160,2000,0,1,0,0,4,0,0,1,0,0,0,0,0,0,0,0,1,0,0
721,990.11,1060,500,0,1,1,3,1,0,1,0,0,0,1,0,0,1,0,0,0,0,0
722,1422.21,17180,2000,0,1,2,1,3,1,0,1,0,0,0,0,0,0,0,0,0,0,1
723,914.85,1580,500,0,1,2,3,2,0,1,0,0,0,0,0,1,0,1,0,0,0,0
724,1123.84,3360,500,0,3,0,0,4,0,0,0,0,1,0,0,0,0,0,0,0,0,1
725,838.02,6440,2000,0,3,2,0,2,0,0,0,0,0,0,0,1,0,0,0,0,1,0
726,1300.68,0,500,0,1,1,3,2,0,1,0,0,0,1,0,0,0,0,0,0,0,0
727,1173.21,7830,500,0,1,0,1,3,1,0,1,0,0,0,0,1,0,0,0,1,0,0
728,985.97,7470,1000,5000000,1,2,3,3,1,0,1,0,1,0,0,0,0,0,0,0,1,0
729,1129.23,5030,1000,0,1,1,0,3,1,0,1,0,1,0,0,0,0,0,0,0,0,1
730,1194.83,8840,500,0,1,0,0,3,0,0,1,0,0,0,0,1,0,0,0,1,0,0
731,1114.29,6060,1000,0,1,2,2,3,0,0,1,0,0,0,0,0,0,0,0,0,1,0
732,1509.04,14240,2000,0,1,2,3,4,0,0,1,0,0,0,0,0,0,0,0,1,0,0
733,664.86,16160,500,0,1,0,1,4,0,0,1,0,1,0,0,0,0,0,0,0,0,1
734,1267.4,5070,1000,6000000,1,2,1,2,0,0,1,0,1,0,0,0,1,0,0,0,0,0
735,1119.23,5690,1000,0,3,1,1,4,0,0,0,0,1,0,0,0,0,0,0,0,0,1
736,1698.51,8640,500,0,3,2,1,4,0,0,0,0,1,0,0,0,0,0,0,1,0,0
737,1422.78,5280,1000,0,3,2,3,4,0,0,0,0,0,0,0,0,0,0,0,0,0,0
738,1212.75,13800,500,0,1,0,0,2,0,0,1,0,1,0,0,0,0,0,0,0,0,1
739,1423.34,1400,1000,0,1,0,3,2,0,0,0,1,0,1,0,0,0,0,0,0,0,1
740,976.37,6760,1000,0,3,1,3,2,0,0,0,0,0,0,1,0,0,0,0,0,0,1
741,1124.59,6800,500,6000000,1,1,2,2,0,0,1,0,0,0,1,0,0,0,0,0,0,0
742,1569.33,13000,1000,0,3,2,1,3,1,0,0,0,0,0,1,0,0,0,0,0,0,1
743,1359.36,6510,500,5000000,3,2,2,3,1,0,0,0,0,0,1,0,0,0,0,1,0,0
744,1607.36,12120,500,0,4,0,2,3,1,0,0,0,0,0,1,0,0,0,0,1,0,0
745,1042.25,20310,500,0,3,2,3,3,1,0,0,0,1,0,0,0,0,0,0,0,0,0
746,1453.95,5860,500,0,3,0,3,4,0,0,0,0,1,0,0,0,0,0,0,0,0,1
747,1969.63,13900,500,0,3,1,1,4,0,0,0,0,1,0,0,0,0,0,0,0,0,1
748,1156.19,4940,1000,0,3,0,3,3,0,0,0,0,1,0,0,0,1,0,0,0,0,0
749,1124.47,16460,2000,0,1,0,1,4,0,0,1,0,0,0,0,0,0,0,0,1,0,0
750,1493.5,730,500,5000000,1,2,1,2,0,0,0,1,0,0,0,1,0,0,0,0,0,1
751,1155.38,6390,500,0,1,0,0,2,0,0,1,0,1,0,0,0,1,0,0,0,0,0
752,878.19,4830,500,0,4,0,2,2,0,0,0,0,1,0,0,0,0,0,0,0,0,0
753,1145.85,4610,2000,0,3,1,1,4,0,0,0,0,0,0,1,0,1,0,0,0,0,0
754,1261.28,7190,500,0,3,2,0,2,0,0,0,0,1,0,0,0,0,0,0,0,1,0
755,1427.46,8790,500,0,3,0,0,3,0,0,0,0,0,0,0,1,0,0,0,0,0,1
756,1592.41,5340,500,0,1,2,3,4,0,0,1,0,0,0,0,0,0,0,0,0,0,1
757,1274.63,9460,1000,0,1,2,3,4,0,0,1,0,1,0,0,0,0,0,0,1,0,0
758,1362.31,7460,500,0,1,0,2,2,0,0,1,0,0,0,0,0,0,0,0,0,1,0
759,919.37,8060,1000,0,1,0,3,2,0,0,1,0,0,0,0,0,1,0,0,0,0,0
760,1377.23,11620,1000,0,3,2,1,2,0,0,0,0,0,0,1,0,1,0,0,0,0,0
761,995.55,12400,1000,5000000,3,0,3,3,1,0,0,0,0,0,0,1,0,0,0,1,0,0
762,1508.12,6750,500,6000000,3,2,1,3,1,0,0,0,0,0,1,0,1,0,0,0,0,0
763,484.67,11920,500,0,3,0,2,3,1,0,0,0,1,0,0,0,0,0,0,1,0,0
764,1561.41,12780,1000,0,3,1,3,2,0,0,0,0,0,0,0,1,1,0,0,0,0,0
765,1457.21,5000,500,0,1,2,0,4,0,0,1,0,0,0,0,0,0,0,0,1,0,0
766,1128.71,6180,1000,0,3,2,1,4,0,0,0,0,1,0,0,0,0,0,0,0,1,0
767,1358.2,11740,500,0,3,0,0,3,0,0,0,0,0,0,0,0,1,0,0,0,0,0
768,1232.79,14100,1000,0,1,2,0,2,0,0,1,0,0,0,1,0,0,0,0,0,1,0
769,936.19,5790,1000,0,3,2,1,4,0,0,0,0,0,0,0,1,0,0,0,1,0,0
770,1302.34,10520,500,0,3,1,0,2,0,0,0,0,1,0,0,0,0,0,0,0,0,1
771,1264.99,4200,500,0,1,1,1,2,0,0,1,0,1,0,0,0,0,0,0,0,1,0
772,1467.76,6330,500,0,1,1,3,4,0,0,1,0,0,0,0,0,1,0,0,0,0,0
773,1124.43,4420,2000,0,3,0,1,4,0,0,0,0,0,0,0,0,0,0,0,0,0,1
774,1319.81,3520,1000,0,4,1,0,2,0,0,0,0,0,0,0,1,0,0,0,0,0,1
775,1482.53,20,2000,0,1,1,2,1,0,1,0,0,0,0,0,1,0,0,0,0,0,1
776,1328.18,6260,1000,0,1,2,1,2,0,0,1,0,1,0,0,0,0,0,0,0,0,1
777,1463.95,6340,500,0,3,0,0,4,0,0,0,0,0,0,0,1,0,0,0,0,0,0
778,1133.85,15120,2000,0,3,2,2,4,0,0,0,0,0,0,0,1,0,0,0,0,0,1
779,1037.32,13480,1000,0,3,2,1,2,0,0,0,0,0,0,0,1,0,0,0,0,0,0
780,1562.8,4490,1000,0,1,1,2,4,0,0,1,0,1,0,0,0,0,0,0,0,0,1
781,1425.79,11560,1000,0,1,0,3,2,0,0,1,0,0,0,0,0,0,0,0,0,0,0
782,1615.14,680,2000,0,1,0,1,2,0,0,0,1,0,1,0,0,1,0,0,0,0,0
783,1236.5,920,500,0,1,0,1,1,0,1,0,0,0,1,0,0,1,0,0,0,0,0
784,1017.97,6520,2000,0,3,0,0,4,1,0,0,0,0,0,0,1,0,0,0,0,0,1
785,1306.0,3850,2000,0,3,2,1,3,1,0,0,0,0,0,0,0,1,0,0,0,0,0
786,1174.14,5370,2000,0,4,0,0,2,0,0,0,0,1,0,0,0,1,0,0,0,0,0
787,1231.01,3160,1000,0,3,1,2,2,0,0,0,0,1,0,0,0,0,0,0,1,0,0
788,1299.18,8280,500,0,1,2,1,3,1,0,1,0,1,0,0,0,0,1,0,0,0,0
789,1469.75,3870,500,0,1,0,0,2,0,0,1,0,1,0,0,0,0,0,0,0,1,0
790,1390.72,530,500,0,1,2,1,1,0,1,0,0,0,1,0,0,0,0,0,1,0,0
791,1694.09,9540,500,7000000,1,0,2,4,1,0,1,0,0,0,1,0,1,0,0,0,0,0
792,1140.15,8400,2000,0,3,0,3,4,0,0,0,0,0,0,0,1,0,0,0,0,1,0
793,1310.71,5770,1000,0,1,0,1,4,0,0,1,0,0,0,0,0,1,0,0,0,0,0
794,1730.49,9360,2000,7000000,3,2,0,2,0,0,0,0,1,0,0,0,0,0,0,0,0,1
795,1616.65,5550,500,7000000,3,0,3,4,0,0,0,0,1,0,0,0,0,0,0,0,0,1
796,1935.85,8430,500,4000000,1,2,3,3,1,0,1,0,0,0,0,0,1,0,0,0,0,0
797,855.14,6140,1000,0,1,0,1,2,0,0,1,0,1,0,0,0,0,0,0,0,0,0
798,1568.47,5660,2000,4000000,1,2,0,3,0,0,1,0,1,0,0,0,1,0,0,0,0,0
799,1550.53,660,2000,0,1,0,1,1,0,1,0,0,0,1,0,0,0,0,0,0,1,0
800,1370.92,6960,2000,0,1,0,3,2,0,0,1,0,0,0,0,1,0,0,0,1,0,0
801,1363.59,7950,500,0,3,2,0,2,0,0,0,0,0,0,1,0,1,0,0,0,0,0
802,828.42,5600,1000,3000000,1,2,2,4,0,0,1,0,0,0,0,1,1,0,0,0,0,0
803,1209.63,0,500,0,1,1,0,2,1,0,1,0,0,0,0,0,0,0,0,0,0,0
804,1111.17,450,2000,0,1,2,3,1,0,1,0,0,0,1,0,0,0,0,0,0,0,1
805,989.97,9600,500,0,1,0,1,2,0,0,1,0,0,0,0,0,0,0,0,0,0,1
806,1114.23,5220,1000,0,1,0,1,3,0,0,1,0,1,0,0,0,0,0,0,1,0,0
807,1347.31,12300,2000,0,3,2,3,2,0,0,0,0,0,0,0,0,1,0,0,0,0,0
808,1687.53,7820,2000,0,1,1,2,4,0,0,1,0,1,0,0,0,0,0,0,0,0,0
809,1183.48,9200,1000,0,1,2,3,3,1,0,1,0,0,0,0,0,0,0,0,0,1,0
810,1537.13,6340,2000,0,3,0,2,4,0,0,0,0,0,0,1,0,1,0,0,0,0,0
811,1173.25,520,1000,0,1,0,3,2,0,0,0,1,0,1,0,0,0,0,0,0,0,1
812,1361.16,5310,1000,4000000,1,2,0,2,1,0,1,0,0,0,0,0,0,0,0,0,1,0
813,1422.56,320,2000,7000000,1,1,2,2,0,0,0,1,0,1,0,0,0,0,0,0,0,1
814,1143.06,14580,2000,0,3,0,1,4,0,0,0,0,0,0,0,0,0,0,0,0,1,0
815,1405.71,14140,500,0,1,0,1,4,0,0,1,0,0,0,0,1,0,0,0,1,0,0
816,1354.2,10940,500,0,4,0,0,2,0,0,0,0,0,0,1,0,0,0,0,1,0,0
817,1055.6,6800,500,0,1,1,1,3,1,0,1,0,0,0,1,0,0,0,0,1,0,0
818,999.43,410,1000,0,1,2,0,1,0,0,0,1,0,0,0,1,0,0,0,0,0,1
819,1155.97,11180,2000,0,1,0,3,2,0,0,1,0,0,0,1,0,0,0,0,1,0,0
820,1726.91,1440,1000,0,1,0,0,1,0,0,0,1,0,1,0,0,0,0,0,0,1,0
821,1232.57,4100,500,0,3,0,0,2,0,0,0,0,1,0,0,0,1,0,0,0,0,0
822,1078.65,6060,500,0,1,2,3,2,0,0,1,0,0,0,0,1,0,0,0,0,0,1
823,1324.78,7640,1000,0,1,2,2,3,1,0,1,0,0,0,0,1,0,0,0,0,0,0
824,1518.54,10600,500,0,1,1,1,4,0,0,1,0,0,0,0,0,0,0,1,0,0,0
825,1239.06,10420,2000,0,1,1,1,4,0,0,1,0,0,0,0,1,0,0,0,1,0,0
826,1246.68,5900,2000,0,1,0,1,2,0,0,1,0,1,0,0,0,1,0,0,0,0,0
827,1622.67,7470,1000,0,3,1,1,4,0,0,0,0,0,0,0,0,0,0,0,0,0,1
828,1082.36,6050,500,0,3,2,2,3,0,0,0,0,1,0,0,0,0,0,0,1,0,0
829,1270.55,15440,1000,0,3,2,3,4,1,0,0,0,0,0,1,0,0,0,0,0,0,0
830,1236.32,11100,1000,5000000,1,2,0,4,0,0,1,0,0,0,0,1,0,0,1,0,0,0
831,785.82,6280,2000,0,3,2,0,3,1,0,0,0,0,0,0,1,1,0,0,0,0,0
832,1265.84,380,500,0,1,1,3,2,0,0,0,1,0,1,0,0,0,0,0,0,1,0
833,1508.9,11300,500,0,4,0,1,4,0,0,0,0,0,0,0,1,0,0,0,0,0,1
834,1106.84,560,2000,0,1,1,1,2,0,0,0,1,0,0,0,1,0,0,0,1,0,0
835,1389.13,1800,2000,7000000,1,0,2,2,0,0,0,1,0,1,0,0,0,0,0,0,0,0
836,974.84,7110,1000,0,1,0,1,4,0,0,1,0,0,0,0,1,0,0,0,0,1,0
837,1304.46,1080,2000,0,1,0,3,1,1,0,0,1,0,1,0,0,0,0,0,0,0,0
838,1257.36,4670,500,0,3,1,1,3,1,0,0,0,1,0,0,0,0,0,0,1,0,0
839,1257.04,5160,500,0,1,2,2,3,0,0,1,0,0,0,0,1,0,0,0,1,0,0
840,719.52,600,2000,0,1,0,3,1,0,1,0,0,0,1,0,0,0,0,0,1,0,0
841,1524.18,5430,2000,0,3,1,0,2,0,0,0,0,1,0,0,0,0,0,0,1,0,0
842,1395.58,860,500,0,1,2,1,2,0,0,0,1,0,0,0,1,0,0,0,0,0,1
843,1243.68,0,1000,0,3,0,2,3,1,0,0,0,0,0,1,0,1,0,0,0,0,0
844,1189.04,3980,1000,0,3,1,3,2,0,0,0,0,0,0,0,1,0,0,0,0,1,0
845,1375.29,6240,2000,0,3,0,1,3,1,0,0,0,0,0,0,0,0,0,0,1,0,0
846,1389.13,10540,500,0,1,0,3,4,0,0,1,0,1,0,0,0,0,0,0,0,1,0
847,1387.51,7620,1000,0,3,1,3,2,0,0,0,0,1,0,0,0,1,0,0,0,0,0
848,1178.61,19470,1000,7000000,1,1,2,3,1,0,1,0,0,0,0,0,1,0,0,0,0,0
849,1166.62,570,2000,6000000,1,0,3,1,0,1,0,0,0,0,0,1,0,0,0,0,0,0
850,1556.31,8630,1000,0,3,2,0,4,0,0,0,0,0,0,0,1,1,0,0,0,0,0
851,1452.27,9360,500,0,1,1,2,3,1,0,1,0,0,0,0,0,0,0,0,1,0,0
852,1212.07,7040,1000,0,3,2,3,4,0,0,0,0,1,0,0,0,1,0,0,0,0,0
853,1578.54,15180,2000,0,1,1,3,2,0,0,1,0,1,0,0,0,0,0,0,0,0,1
854,1488.26,5790,500,0,3,2,2,4,0,0,0,0,0,0,0,1,0,0,0,0,0,1
855,1096.39,5490,1000,0,3,1,3,4,0,0,0,0,1,0,0,0,0,0,0,1,0,0
856,1215.36,6620,2000,0,3,0,1,2,0,0,0,0,1,0,0,0,0,0,0,0,0,1
857,1482.57,10680,2000,0,1,0,1,2,0,0,1,0,1,0,0,0,1,0,0,0,0,0
858,954.18,4250,1000,0,3,2,3,2,0,0,0,0,0,0,1,0,0,0,0,1,0,0
859,1193.4,4450,2000,0,3,2,3,4,0,0,0,0,0,0,1,0,0,0,0,1,0,0
860,1023.11,10700,1000,0,3,1,2,2,0,0,0,0,0,0,1,0,1,0,0,0,0,0
861,1524.45,8240,1000,0,3,0,2,2,0,0,0,0,0,0,1,0,1,0,0,0,0,0
862,1653.32,6780,1000,0,1,2,0,2,0,0,1,0,0,0,0,0,0,0,0,0,0,1
863,1022.46,7420,1000,0,3,0,2,2,0,0,0,0,0,0,1,0,0,0,0,1,0,0
864,1396.43,5270,2000,0,1,2,1,4,0,0,1,0,1,0,0,0,0,0,0,0,0,1
865,1521.55,6820,500,0,1,1,3,3,1,0,1,0,1,0,0,0,0,0,0,1,0,0
866,1034.27,7100,1000,0,1,1,0,2,0,0,1,0,1,0,0,0,1,0,0,0,0,0
867,1255.35,5930,1000,0,2,0,3,4,0,0,0,0,0,0,0,0,1,0,0,0,0,0
868,1396.89,13380,2000,6000000,3,1,2,2,1,0,0,0,0,0,1,0,0,0,0,1,0,0
869,795.31,7420,500,0,3,1,3,3,1,0,0,0,0,0,0,1,0,1,0,0,0,0
870,982.22,7540,500,0,1,1,0,4,0,0,1,0,1,0,0,0,1,0,0,0,0,0
871,1074.07,840,500,0,1,2,0,2,0,1,0,0,0,1,0,0,0,0,0,0,0,1
872,1311.3,5850,1000,0,3,0,0,3,1,0,0,0,0,0,0,0,1,0,0,0,0,0
873,1277.12,7680,2000,0,1,0,2,3,0,0,1,0,0,0,0,0,0,0,0,0,0,1
874,1388.62,6610,500,0,1,1,0,2,0,0,1,0,0,0,1,0,0,0,0,0,0,0
875,1406.52,4420,1000,8000000,1,0,2,3,1,0,1,0,0,0,0,0,0,0,0,1,0,0
876,1558.29,1540,500,0,1,1,2,1,0,0,0,1,0,0,0,1,0,0,0,0,0,1
877,1132.47,10240,1000,4000000,3,2,3,4,0,0,0,0,0,0,1,0,1,0,0,0,0,0
878,1896.91,10880,2000,0,3,1,3,3,1,0,0,0,1,0,0,0,0,0,0,1,0,0
879,1143.46,9760,500,4000000,1,2,1,4,0,0,1,0,0,0,1,0,0,0,0,0,0,0
880,1285.42,6730,500,0,1,1,1,3,1,0,1,0,1,0,0,0,0,0,0,0,1,0
881,1305.26,6680,2000,0,1,1,3,3,1,0,1,0,1,0,0,0,0,0,0,0,1,0
882,1073.83,15580,1000,0,1,0,0,4,0,0,1,0,0,0,0,1,1,0,0,0,0,0
883,1051.67,4270,1000,0,3,0,3,3,1,0,0,0,0,0,0,0,0,0,0,0,0,1
884,1387.35,10220,1000,0,1,2,2,2,0,0,1,0,1,0,0,0,0,0,0,0,0,1
885,1083.64,13280,500,0,3,0,0,4,0,0,0,0,0,0,0,1,0,0,0,0,0,0
886,1851.78,6860,1000,0,1,1,0,4,0,0,1,0,1,0,0,0,0,0,0,1,0,0
887,1270.29,640,500,4000000,1,0,0,2,0,1,0,0,0,1,0,0,0,0,0,0,1,0
888,1459.99,6060,500,0,1,1,2,3,0,0,1,0,1,0,0,0,0,0,0,1,0,0
889,1253.44,5120,2000,0,3,2,0,3,0,0,0,0,0,0,0,0,0,0,0,0,1,0
890,1142.48,4750,1000,0,1,2,0,4,0,0,1,0,0,0,0,0,0,0,0,0,0,0
891,1188.45,10780,1000,0,2,0,3,4,0,0,0,0,0,0,1,0,0,0,0,1,0,0
892,1125.4,440,1000,0,1,2,1,1,0,0,0,1,0,1,0,0,0,0,0,0,0,1
893,1294.41,1380,500,0,1,0,0,2,0,0,0,1,0,1,0,0,0,0,0,0,0,0
894,1459.5,1000,500,0,1,1,3,2,0,1,0,0,0,1,0,0,1,0,0,0,0,0
895,1367.99,5520,500,0,3,0,3,3,1,0,0,0,1,0,0,0,0,0,0,0,0,1
896,1594.37,1320,500,0,1,0,3,1,0,1,0,0,0,1,0,0,0,0,0,1,0,0
897,1035.99,11760,500,0,3,2,0,2,0,0,0,0,0,0,0,1,1,0,0,0,0,0
898,911.53,11840,500,0,1,0,1,3,0,0,1,0,0,0,0,1,0,0,0,0,0,1
899,1319.97,940,500,0,1,1,3,2,0,0,0,1,0,1,0,0,0,0,0,0,0,0
900,1391.63,6940,2000,0,1,0,3,4,0,0,1,0,0,0,1,0,1,0,0,0,0,0
901,915.41,4050,500,5000000,1,0,0,4,0,0,1,0,0,0,0,1,1,0,0,0,0,0
902,1468.82,10000,1000,0,3,2,1,2,0,0,0,0,1,0,0,0,0,0,0,1,0,0
903,1412.76,11220,500,0,1,2,3,2,0,0,1,0,0,0,1,0,0,0,0,0,0,1
904,1588.26,8410,500,0,3,2,1,4,0,0,0,0,0,0,1,0,0,0,0,0,1,0
905,1140.91,6430,1000,0,3,1,2,3,1,0,0,0,1,0,0,0,0,0,0,0,1,0
906,1517.54,6440,1000,0,3,2,0,3,0,0,0,0,0,0,0,1,0,0,0,1,0,0
907,912.29,16180,2000,0,3,1,2,2,0,0,0,0,1,0,0,0,0,0,0,0,0,1
908,1144.3,500,2000,0,1,1,0,2,0,0,0,1,0,0,0,1,0,0,0,0,0,1
909,1281.43,6140,1000,0,3,0,2,4,0,0,0,0,0,0,1,0,0,0,0,1,0,0
910,1101.85,3720,2000,0,1,1,2,2,0,0,1,0,0,0,0,1,0,0,1,0,0,0
911,1082.1,7270,2000,0,2,0,1,4,0,0,0,0,0,0,0,1,0,0,0,0,0,1
912,1185.44,7760,500,0,3,2,1,3,1,0,0,0,0,0,0,1,0,0,0,0,0,0
913,1175.07,7980,2000,0,1,1,1,2,0,0,1,0,1,0,0,0,0,0,0,0,0,1
914,979.26,14560,2000,0,4,0,2,3,0,0,0,0,1,0,0,0,1,0,0,0,0,0
915,920.81,7910,500,0,1,2,0,3,1,0,1,0,1,0,0,0,0,0,0,1,0,0
916,922.85,400,500,0,1,1,1,1,0,0,0,1,0,1,0,0,1,0,0,0,0,0
917,1107.59,10440,2000,3000000,1,1,3,3,0,0,1,0,0,0,1,0,1,0,0,0,0,0
918,1272.46,6330,500,0,3,2,1,2,0,0,0,0,0,0,0,0,1,0,0,0,0,0
919,1340.24,6910,1000,0,3,1,0,2,1,0,0,0,0,0,0,1,1,0,0,0,0,0
920,1648.0,4020,1000,0,1,1,0,4,0,0,1,0,0,0,1,0,0,0,0,0,0,1
921,1381.14,10400,500,0,3,0,3,2,0,0,0,0,0,0,1,0,1,0,0,0,0,0
922,1198.44,560,500,8000000,1,0,3,2,0,0,0,1,0,0,0,1,0,0,0,0,0,1
923,951.27,6890,2000,0,1,1,0,4,0,0,1,0,0,0,1,0,0,0,0,1,0,0
924,1341.24,2970,2000,0,3,0,1,2,0,0,0,0,0,0,0,0,0,0,0,0,0,1
925,1177.57,860,2000,0,1,2,3,2,0,0,0,1,0,0,0,1,0,0,0,0,1,0
926,1055.09,16640,1000,0,1,0,3,4,1,0,1,0,1,0,0,0,1,0,0,0,0,0
927,1479.48,13580,500,0,1,1,3,3,1,0,1,0,0,0,1,0,1,0,0,0,0,0
928,1827.38,840,2000,0,1,1,3,1,0,0,0,1,0,0,0,1,0,0,0,0,1,0
929,1169.62,10000,500,0,1,0,0,3,1,0,1,0,0,0,0,1,0,0,0,1,0,0
930,1516.34,6600,500,0,4,0,2,3,1,0,0,0,0,0,0,1,0,0,0,1,0,0
931,1270.21,0,2000,0,3,1,1,4,0,0,0,0,1,0,0,0,0,0,1,0,0,0
932,809.11,10280,500,0,3,2,1,2,0,0,0,0,0,0,1,0,0,0,0,0,0,0
933,1115.81,10840,1000,0,3,1,3,2,0,0,0,0,0,0,0,0,1,0,0,0,0,0
934,1457.65,5820,1000,5000000,3,1,3,3,0,0,0,0,0,0,0,0,0,0,0,0,1,0
935,1041.36,13520,1000,0,4,2,3,4,1,0,0,0,0,0,1,0,0,0,0,0,0,1
936,1693.83,5340,1000,7000000,1,1,0,2,0,0,1,0,0,0,0,1,1,0,0,0,0,0
937,1685.69,14360,1000,0,1,2,2,4,0,0,1,0,0,0,0,1,0,0,0,0,1,0
938,1054.92,0,500,6000000,1,0,0,3,1,0,1,0,0,0,1,0,1,0,0,0,0,0
939,1333.97,11100,2000,6000000,3,1,0,3,1,0,0,0,0,0,1,0,0,0,0,1,0,0
940,1013.61,860,1000,6000000,1,1,1,2,0,1,0,0,0,1,0,0,1,0,0,0,0,0
941,958.3,8520,500,0,3,0,0,3,0,0,0,0,1,0,0,0,1,0,0,0,0,0
942,1112.04,780,2000,6000000,1,1,3,2,0,1,0,0,0,1,0,0,0,0,0,1,0,0
943,1206.26,7850,2000,0,3,0,0,2,0,0,0,0,0,0,0,1,0,0,0,0,0,0
944,763.67,7870,1000,0,1,1,3,4,0,0,1,0,0,0,0,1,0,0,0,1,0,0
945,1042.56,7560,500,0,3,0,2,4,0,0,0,0,0,0,0,1,0,0,0,1,0,0
946,1263.48,10600,2000,4000000,1,2,0,3,1,0,1,0,1,0,0,0,0,0,0,0,0,1
947,1006.99,4840,500,6000000,1,0,3,2,0,0,1,0,0,0,1,0,0,0,0,0,0,1
948,1328.26,6760,1000,0,1,1,1,4,0,0,1,0,0,0,0,1,0,0,0,0,0,1
949,1250.08,11360,1000,5000000,3,2,3,4,0,0,0,0,0,0,0,1,0,0,0,0,0,1
950,982.7,470,500,6000000,1,1,0,2,0,1,0,0,0,1,0,0,0,0,0,1,0,0
951,1412.06,5770,1000,5000000,1,0,3,4,0,0,1,0,0,0,0,0,0,0,0,0,0,0
952,1066.7,14920,2000,0,3,0,2,4,0,0,0,0,0,0,1,0,0,0,0,0,1,0
953,1585.54,840,2000,0,1,1,0,2,0,0,0,1,0,1,0,0,0,0,0,0,0,1
954,1416.08,5020,1000,0,1,0,3,2,0,0,1,0,0,0,0,0,0,0,0,0,0,1
955,1246.03,4510,500,0,1,0,0,4,0,0,1,0,0,0,1,0,1,0,0,0,0,0
956,1356.64,15120,2000,0,3,0,3,4,0,0,0,0,0,0,0,1,0,0,0,1,0,0
957,1387.7,15660,2000,4000000,1,2,1,2,0,0,1,0,0,0,0,1,0,0,0,0,0,1
958,1004.14,4800,1000,0,3,1,3,3,0,0,0,0,1,0,0,0,0,0,0,0,0,0
959,1107.07,600,500,0,1,0,0,2,0,0,0,1,0,0,0,1,0,0,0,0,1,0
960,1429.96,5720,500,0,3,1,2,2,0,0,0,0,0,0,0,0,1,0,0,0,0,0
961,1074.99,690,1000,0,1,2,0,1,0,0,0,1,0,0,0,1,0,0,0,0,1,0
962,1007.0,12320,1000,0,1,0,2,4,0,0,1,0,0,0,0,1,0,0,0,0,1,0
963,1052.85,480,500,0,1,0,0,2,0,0,0,1,0,0,0,1,0,0,0,0,0,1
964,1200.33,780,1000,4000000,1,2,1,2,1,0,0,1,0,0,0,1,0,0,0,0,0,1
965,1343.0,9040,1000,0,1,0,0,2,0,0,1,0,0,0,1,0,0,0,0,1,0,0
966,1441.6,12580,2000,5000000,3,0,0,2,0,0,0,0,0,0,1,0,0,0,0,0,0,0
967,1433.42,10840,1000,6000000,1,1,2,3,1,0,1,0,0,0,0,1,0,0,0,0,0,0
968,1368.57,10360,2000,0,3,2,2,3,0,0,0,0,0,0,0,1,1,0,0,0,0,0
969,862.19,1200,500,0,1,2,3,1,0,0,0,1,0,0,0,1,0,0,0,1,0,0
970,871.46,6740,500,0,1,2,0,4,0,0,1,0,1,0,0,0,0,0,0,1,0,0
971,1863.04,6780,500,0,1,2,1,4,0,0,1,0,1,0,0,0,0,0,0,0,1,0
972,1181.64,11080,2000,0,1,1,1,3,1,0,1,0,1,0,0,0,1,0,0,0,0,0
973,1060.74,4910,1000,0,1,2,3,3,1,0,1,0,0,0,0,0,0,0,0,1,0,0
974,951.56,7560,500,0,3,2,1,3,1,0,0,0,0,0,0,1,0,0,0,1,0,0
975,1533.71,12100,500,9000000,2,0,2,4,0,0,0,0,1,0,0,0,0,0,0,0,1,0
976,1200.09,7040,1000,0,3,2,2,3,0,0,0,0,1,0,0,0,0,0,0,0,0,1
977,1093.83,8880,500,4000000,3,1,1,3,1,0,0,0,0,0,0,0,0,0,0,0,0,1
978,988.93,15380,1000,0,1,2,3,4,0,0,1,0,0,0,1,0,1,0,0,0,0,0
979,1331.94,9920,1000,0,1,0,2,4,0,0,1,0,0,0,1,0,1,0,0,0,0,0
980,1361.45,7470,1000,0,1,0,2,2,0,0,1,0,0,0,0,0,0,1,0,0,0,0
981,1188.51,12220,2000,0,3,1,2,4,0,0,0,0,0,0,0,1,1,0,0,0,0,0
982,1101.83,10380,2000,0,3,0,3,2,1,0,0,0,0,0,0,1,1,0,0,0,0,0
983,840.95,430,1000,0,1,2,1,1,0,1,0,0,0,0,0,1,0,0,0,1,0,0
984,1503.21,11420,1000,0,1,2,1,4,0,0,1,0,0,0,0,0,0,0,0,0,0,1
985,1722.5,7690,1000,0,1,0,2,3,0,0,1,0,0,0,1,0,0,0,0,0,0,1
986,944.03,7700,500,0,1,2,3,2,1,0,1,0,0,0,1,0,0,0,0,0,0,1
987,1453.61,9280,2000,4000000,1,0,3,3,1,0,1,0,0,0,1,0,0,0,0,0,0,0
988,1672.88,6070,500,0,1,1,1,2,0,0,1,0,1,0,0,0,1,0,0,0,0,0
989,1248.05,0,1000,0,3,1,2,4,0,0,0,0,0,0,0,1,0,0,0,1,0,0
990,1564.43,3810,500,3000000,1,2,2,2,0,0,1,0,1,0,0,0,1,0,0,0,0,0
991,1280.88,5220,1000,0,1,0,1,4,0,0,1,0,0,0,1,0,0,0,0,0,0,1
992,722.66,7340,500,0,3,1,2,3,0,0,0,0,1,0,0,0,0,1,0,0,0,0
993,1235.14,6020,1000,0,3,0,1,4,0,0,0,0,0,0,1,0,0,1,0,0,0,0
994,1347.04,1080,1000,0,1,1,2,2,0,1,0,0,0,1,0,0,0,0,0,1,0,0
995,1310.8,8720,1000,0,1,0,1,2,0,0,1,0,1,0,0,0,0,0,0,0,0,0
996,1436.79,18080,1000,0,1,2,3,3,0,0,1,0,1,0,0,0,0,0,0,1,0,0
997,1383.49,7500,500,3000000,3,2,3,2,0,0,0,0,0,0,0,1,0,0,0,0,0,0
998,1356.92,5220,2000,5000000,1,0,1,3,0,0,1,0,0,0,1,0,1,0,0,0,0,0
999,766.19,920,1000,0,1,0,3,2,0,1,0,0,0,0,0,1,0,0,0,0,0,1
